ground	00	execute	.
ground	01	execute	.
ground	02	execute	.
ground	03	execute	.
ground	04	execute	.
ground	05	execute	.
ground	06	execute	.
ground	07	execute	.
ground	08	execute	.
ground	09	execute	.
ground	0A	execute	.
ground	0B	execute	.
ground	0C	execute	.
ground	0D	execute	.
ground	0E	execute	.
ground	0F	execute	.
ground	10	execute	.
ground	11	execute	.
ground	12	execute	.
ground	13	execute	.
ground	14	execute	.
ground	15	execute	.
ground	16	execute	.
ground	17	execute	.
ground	18	execute	.
ground	19	execute	.
ground	1A	execute	.
ground	1B	clear	escape
ground	1C	execute	.
ground	1D	execute	.
ground	1E	execute	.
ground	1F	execute	.
ground	20	print	.
ground	21	print	.
ground	22	print	.
ground	23	print	.
ground	24	print	.
ground	25	print	.
ground	26	print	.
ground	27	print	.
ground	28	print	.
ground	29	print	.
ground	2A	print	.
ground	2B	print	.
ground	2C	print	.
ground	2D	print	.
ground	2E	print	.
ground	2F	print	.
ground	30	print	.
ground	31	print	.
ground	32	print	.
ground	33	print	.
ground	34	print	.
ground	35	print	.
ground	36	print	.
ground	37	print	.
ground	38	print	.
ground	39	print	.
ground	3A	print	.
ground	3B	print	.
ground	3C	print	.
ground	3D	print	.
ground	3E	print	.
ground	3F	print	.
ground	40	print	.
ground	41	print	.
ground	42	print	.
ground	43	print	.
ground	44	print	.
ground	45	print	.
ground	46	print	.
ground	47	print	.
ground	48	print	.
ground	49	print	.
ground	4A	print	.
ground	4B	print	.
ground	4C	print	.
ground	4D	print	.
ground	4E	print	.
ground	4F	print	.
ground	50	print	.
ground	51	print	.
ground	52	print	.
ground	53	print	.
ground	54	print	.
ground	55	print	.
ground	56	print	.
ground	57	print	.
ground	58	print	.
ground	59	print	.
ground	5A	print	.
ground	5B	print	.
ground	5C	print	.
ground	5D	print	.
ground	5E	print	.
ground	5F	print	.
ground	60	print	.
ground	61	print	.
ground	62	print	.
ground	63	print	.
ground	64	print	.
ground	65	print	.
ground	66	print	.
ground	67	print	.
ground	68	print	.
ground	69	print	.
ground	6A	print	.
ground	6B	print	.
ground	6C	print	.
ground	6D	print	.
ground	6E	print	.
ground	6F	print	.
ground	70	print	.
ground	71	print	.
ground	72	print	.
ground	73	print	.
ground	74	print	.
ground	75	print	.
ground	76	print	.
ground	77	print	.
ground	78	print	.
ground	79	print	.
ground	7A	print	.
ground	7B	print	.
ground	7C	print	.
ground	7D	print	.
ground	7E	print	.
ground	7F	print	.
ground	80	execute	.
ground	81	execute	.
ground	82	execute	.
ground	83	execute	.
ground	84	execute	.
ground	85	execute	.
ground	86	execute	.
ground	87	execute	.
ground	88	execute	.
ground	89	execute	.
ground	8A	execute	.
ground	8B	execute	.
ground	8C	execute	.
ground	8D	execute	.
ground	8E	execute	.
ground	8F	execute	.
ground	90	clear	dcs_entry
ground	91	execute	.
ground	92	execute	.
ground	93	execute	.
ground	94	execute	.
ground	95	execute	.
ground	96	execute	.
ground	97	execute	.
ground	98	-	sos_pm_apc_string
ground	99	execute	.
ground	9A	execute	.
ground	9B	clear	csi_entry
ground	9C	-	.
ground	9D	osc_start	osc_string
ground	9E	-	sos_pm_apc_string
ground	9F	-	sos_pm_apc_string
ground	A0	print	.
ground	A1	print	.
ground	A2	print	.
ground	A3	print	.
ground	A4	print	.
ground	A5	print	.
ground	A6	print	.
ground	A7	print	.
ground	A8	print	.
ground	A9	print	.
ground	AA	print	.
ground	AB	print	.
ground	AC	print	.
ground	AD	print	.
ground	AE	print	.
ground	AF	print	.
ground	B0	print	.
ground	B1	print	.
ground	B2	print	.
ground	B3	print	.
ground	B4	print	.
ground	B5	print	.
ground	B6	print	.
ground	B7	print	.
ground	B8	print	.
ground	B9	print	.
ground	BA	print	.
ground	BB	print	.
ground	BC	print	.
ground	BD	print	.
ground	BE	print	.
ground	BF	print	.
ground	C0	print	.
ground	C1	print	.
ground	C2	print	.
ground	C3	print	.
ground	C4	print	.
ground	C5	print	.
ground	C6	print	.
ground	C7	print	.
ground	C8	print	.
ground	C9	print	.
ground	CA	print	.
ground	CB	print	.
ground	CC	print	.
ground	CD	print	.
ground	CE	print	.
ground	CF	print	.
ground	D0	print	.
ground	D1	print	.
ground	D2	print	.
ground	D3	print	.
ground	D4	print	.
ground	D5	print	.
ground	D6	print	.
ground	D7	print	.
ground	D8	print	.
ground	D9	print	.
ground	DA	print	.
ground	DB	print	.
ground	DC	print	.
ground	DD	print	.
ground	DE	print	.
ground	DF	print	.
ground	E0	print	.
ground	E1	print	.
ground	E2	print	.
ground	E3	print	.
ground	E4	print	.
ground	E5	print	.
ground	E6	print	.
ground	E7	print	.
ground	E8	print	.
ground	E9	print	.
ground	EA	print	.
ground	EB	print	.
ground	EC	print	.
ground	ED	print	.
ground	EE	print	.
ground	EF	print	.
ground	F0	print	.
ground	F1	print	.
ground	F2	print	.
ground	F3	print	.
ground	F4	print	.
ground	F5	print	.
ground	F6	print	.
ground	F7	print	.
ground	F8	print	.
ground	F9	print	.
ground	FA	print	.
ground	FB	print	.
ground	FC	print	.
ground	FD	print	.
ground	FE	print	.
ground	FF	print	.
escape	00	execute	.
escape	01	execute	.
escape	02	execute	.
escape	03	execute	.
escape	04	execute	.
escape	05	execute	.
escape	06	execute	.
escape	07	execute	.
escape	08	execute	.
escape	09	execute	.
escape	0A	execute	.
escape	0B	execute	.
escape	0C	execute	.
escape	0D	execute	.
escape	0E	execute	.
escape	0F	execute	.
escape	10	execute	.
escape	11	execute	.
escape	12	execute	.
escape	13	execute	.
escape	14	execute	.
escape	15	execute	.
escape	16	execute	.
escape	17	execute	.
escape	18	execute	ground
escape	19	execute	.
escape	1A	execute	ground
escape	1B	clear	.
escape	1C	execute	.
escape	1D	execute	.
escape	1E	execute	.
escape	1F	execute	.
escape	20	collect	escape_intermediate
escape	21	collect	escape_intermediate
escape	22	collect	escape_intermediate
escape	23	collect	escape_intermediate
escape	24	collect	escape_intermediate
escape	25	collect	escape_intermediate
escape	26	collect	escape_intermediate
escape	27	collect	escape_intermediate
escape	28	collect	escape_intermediate
escape	29	collect	escape_intermediate
escape	2A	collect	escape_intermediate
escape	2B	collect	escape_intermediate
escape	2C	collect	escape_intermediate
escape	2D	collect	escape_intermediate
escape	2E	collect	escape_intermediate
escape	2F	collect	escape_intermediate
escape	30	esc_dispatch	ground
escape	31	esc_dispatch	ground
escape	32	esc_dispatch	ground
escape	33	esc_dispatch	ground
escape	34	esc_dispatch	ground
escape	35	esc_dispatch	ground
escape	36	esc_dispatch	ground
escape	37	esc_dispatch	ground
escape	38	esc_dispatch	ground
escape	39	esc_dispatch	ground
escape	3A	esc_dispatch	ground
escape	3B	esc_dispatch	ground
escape	3C	esc_dispatch	ground
escape	3D	esc_dispatch	ground
escape	3E	esc_dispatch	ground
escape	3F	esc_dispatch	ground
escape	40	esc_dispatch	ground
escape	41	esc_dispatch	ground
escape	42	esc_dispatch	ground
escape	43	esc_dispatch	ground
escape	44	esc_dispatch	ground
escape	45	esc_dispatch	ground
escape	46	esc_dispatch	ground
escape	47	esc_dispatch	ground
escape	48	esc_dispatch	ground
escape	49	esc_dispatch	ground
escape	4A	esc_dispatch	ground
escape	4B	esc_dispatch	ground
escape	4C	esc_dispatch	ground
escape	4D	esc_dispatch	ground
escape	4E	esc_dispatch	ground
escape	4F	esc_dispatch	ground
escape	50	clear	dcs_entry
escape	51	esc_dispatch	ground
escape	52	esc_dispatch	ground
escape	53	esc_dispatch	ground
escape	54	esc_dispatch	ground
escape	55	esc_dispatch	ground
escape	56	esc_dispatch	ground
escape	57	esc_dispatch	ground
escape	58	-	sos_pm_apc_string
escape	59	esc_dispatch	ground
escape	5A	esc_dispatch	ground
escape	5B	clear	csi_entry
escape	5C	esc_dispatch	ground
escape	5D	osc_start	osc_string
escape	5E	-	sos_pm_apc_string
escape	5F	-	sos_pm_apc_string
escape	60	esc_dispatch	ground
escape	61	esc_dispatch	ground
escape	62	esc_dispatch	ground
escape	63	esc_dispatch	ground
escape	64	esc_dispatch	ground
escape	65	esc_dispatch	ground
escape	66	esc_dispatch	ground
escape	67	esc_dispatch	ground
escape	68	esc_dispatch	ground
escape	69	esc_dispatch	ground
escape	6A	esc_dispatch	ground
escape	6B	esc_dispatch	ground
escape	6C	esc_dispatch	ground
escape	6D	esc_dispatch	ground
escape	6E	esc_dispatch	ground
escape	6F	esc_dispatch	ground
escape	70	esc_dispatch	ground
escape	71	esc_dispatch	ground
escape	72	esc_dispatch	ground
escape	73	esc_dispatch	ground
escape	74	esc_dispatch	ground
escape	75	esc_dispatch	ground
escape	76	esc_dispatch	ground
escape	77	esc_dispatch	ground
escape	78	esc_dispatch	ground
escape	79	esc_dispatch	ground
escape	7A	esc_dispatch	ground
escape	7B	esc_dispatch	ground
escape	7C	esc_dispatch	ground
escape	7D	esc_dispatch	ground
escape	7E	esc_dispatch	ground
escape	7F	ignore	.
escape	80	execute	ground
escape	81	execute	ground
escape	82	execute	ground
escape	83	execute	ground
escape	84	execute	ground
escape	85	execute	ground
escape	86	execute	ground
escape	87	execute	ground
escape	88	execute	ground
escape	89	execute	ground
escape	8A	execute	ground
escape	8B	execute	ground
escape	8C	execute	ground
escape	8D	execute	ground
escape	8E	execute	ground
escape	8F	execute	ground
escape	90	clear	dcs_entry
escape	91	execute	ground
escape	92	execute	ground
escape	93	execute	ground
escape	94	execute	ground
escape	95	execute	ground
escape	96	execute	ground
escape	97	execute	ground
escape	98	-	sos_pm_apc_string
escape	99	execute	ground
escape	9A	execute	ground
escape	9B	clear	csi_entry
escape	9C	-	ground
escape	9D	osc_start	osc_string
escape	9E	-	sos_pm_apc_string
escape	9F	-	sos_pm_apc_string
escape	A0	collect	escape_intermediate
escape	A1	collect	escape_intermediate
escape	A2	collect	escape_intermediate
escape	A3	collect	escape_intermediate
escape	A4	collect	escape_intermediate
escape	A5	collect	escape_intermediate
escape	A6	collect	escape_intermediate
escape	A7	collect	escape_intermediate
escape	A8	collect	escape_intermediate
escape	A9	collect	escape_intermediate
escape	AA	collect	escape_intermediate
escape	AB	collect	escape_intermediate
escape	AC	collect	escape_intermediate
escape	AD	collect	escape_intermediate
escape	AE	collect	escape_intermediate
escape	AF	collect	escape_intermediate
escape	B0	esc_dispatch	ground
escape	B1	esc_dispatch	ground
escape	B2	esc_dispatch	ground
escape	B3	esc_dispatch	ground
escape	B4	esc_dispatch	ground
escape	B5	esc_dispatch	ground
escape	B6	esc_dispatch	ground
escape	B7	esc_dispatch	ground
escape	B8	esc_dispatch	ground
escape	B9	esc_dispatch	ground
escape	BA	esc_dispatch	ground
escape	BB	esc_dispatch	ground
escape	BC	esc_dispatch	ground
escape	BD	esc_dispatch	ground
escape	BE	esc_dispatch	ground
escape	BF	esc_dispatch	ground
escape	C0	esc_dispatch	ground
escape	C1	esc_dispatch	ground
escape	C2	esc_dispatch	ground
escape	C3	esc_dispatch	ground
escape	C4	esc_dispatch	ground
escape	C5	esc_dispatch	ground
escape	C6	esc_dispatch	ground
escape	C7	esc_dispatch	ground
escape	C8	esc_dispatch	ground
escape	C9	esc_dispatch	ground
escape	CA	esc_dispatch	ground
escape	CB	esc_dispatch	ground
escape	CC	esc_dispatch	ground
escape	CD	esc_dispatch	ground
escape	CE	esc_dispatch	ground
escape	CF	esc_dispatch	ground
escape	D0	clear	dcs_entry
escape	D1	esc_dispatch	ground
escape	D2	esc_dispatch	ground
escape	D3	esc_dispatch	ground
escape	D4	esc_dispatch	ground
escape	D5	esc_dispatch	ground
escape	D6	esc_dispatch	ground
escape	D7	esc_dispatch	ground
escape	D8	-	sos_pm_apc_string
escape	D9	esc_dispatch	ground
escape	DA	esc_dispatch	ground
escape	DB	clear	csi_entry
escape	DC	esc_dispatch	ground
escape	DD	osc_start	osc_string
escape	DE	-	sos_pm_apc_string
escape	DF	-	sos_pm_apc_string
escape	E0	esc_dispatch	ground
escape	E1	esc_dispatch	ground
escape	E2	esc_dispatch	ground
escape	E3	esc_dispatch	ground
escape	E4	esc_dispatch	ground
escape	E5	esc_dispatch	ground
escape	E6	esc_dispatch	ground
escape	E7	esc_dispatch	ground
escape	E8	esc_dispatch	ground
escape	E9	esc_dispatch	ground
escape	EA	esc_dispatch	ground
escape	EB	esc_dispatch	ground
escape	EC	esc_dispatch	ground
escape	ED	esc_dispatch	ground
escape	EE	esc_dispatch	ground
escape	EF	esc_dispatch	ground
escape	F0	esc_dispatch	ground
escape	F1	esc_dispatch	ground
escape	F2	esc_dispatch	ground
escape	F3	esc_dispatch	ground
escape	F4	esc_dispatch	ground
escape	F5	esc_dispatch	ground
escape	F6	esc_dispatch	ground
escape	F7	esc_dispatch	ground
escape	F8	esc_dispatch	ground
escape	F9	esc_dispatch	ground
escape	FA	esc_dispatch	ground
escape	FB	esc_dispatch	ground
escape	FC	esc_dispatch	ground
escape	FD	esc_dispatch	ground
escape	FE	esc_dispatch	ground
escape	FF	ignore	.
escape_intermediate	00	execute	.
escape_intermediate	01	execute	.
escape_intermediate	02	execute	.
escape_intermediate	03	execute	.
escape_intermediate	04	execute	.
escape_intermediate	05	execute	.
escape_intermediate	06	execute	.
escape_intermediate	07	execute	.
escape_intermediate	08	execute	.
escape_intermediate	09	execute	.
escape_intermediate	0A	execute	.
escape_intermediate	0B	execute	.
escape_intermediate	0C	execute	.
escape_intermediate	0D	execute	.
escape_intermediate	0E	execute	.
escape_intermediate	0F	execute	.
escape_intermediate	10	execute	.
escape_intermediate	11	execute	.
escape_intermediate	12	execute	.
escape_intermediate	13	execute	.
escape_intermediate	14	execute	.
escape_intermediate	15	execute	.
escape_intermediate	16	execute	.
escape_intermediate	17	execute	.
escape_intermediate	18	execute	ground
escape_intermediate	19	execute	.
escape_intermediate	1A	execute	ground
escape_intermediate	1B	clear	escape
escape_intermediate	1C	execute	.
escape_intermediate	1D	execute	.
escape_intermediate	1E	execute	.
escape_intermediate	1F	execute	.
escape_intermediate	20	collect	.
escape_intermediate	21	collect	.
escape_intermediate	22	collect	.
escape_intermediate	23	collect	.
escape_intermediate	24	collect	.
escape_intermediate	25	collect	.
escape_intermediate	26	collect	.
escape_intermediate	27	collect	.
escape_intermediate	28	collect	.
escape_intermediate	29	collect	.
escape_intermediate	2A	collect	.
escape_intermediate	2B	collect	.
escape_intermediate	2C	collect	.
escape_intermediate	2D	collect	.
escape_intermediate	2E	collect	.
escape_intermediate	2F	collect	.
escape_intermediate	30	esc_dispatch	ground
escape_intermediate	31	esc_dispatch	ground
escape_intermediate	32	esc_dispatch	ground
escape_intermediate	33	esc_dispatch	ground
escape_intermediate	34	esc_dispatch	ground
escape_intermediate	35	esc_dispatch	ground
escape_intermediate	36	esc_dispatch	ground
escape_intermediate	37	esc_dispatch	ground
escape_intermediate	38	esc_dispatch	ground
escape_intermediate	39	esc_dispatch	ground
escape_intermediate	3A	esc_dispatch	ground
escape_intermediate	3B	esc_dispatch	ground
escape_intermediate	3C	esc_dispatch	ground
escape_intermediate	3D	esc_dispatch	ground
escape_intermediate	3E	esc_dispatch	ground
escape_intermediate	3F	esc_dispatch	ground
escape_intermediate	40	esc_dispatch	ground
escape_intermediate	41	esc_dispatch	ground
escape_intermediate	42	esc_dispatch	ground
escape_intermediate	43	esc_dispatch	ground
escape_intermediate	44	esc_dispatch	ground
escape_intermediate	45	esc_dispatch	ground
escape_intermediate	46	esc_dispatch	ground
escape_intermediate	47	esc_dispatch	ground
escape_intermediate	48	esc_dispatch	ground
escape_intermediate	49	esc_dispatch	ground
escape_intermediate	4A	esc_dispatch	ground
escape_intermediate	4B	esc_dispatch	ground
escape_intermediate	4C	esc_dispatch	ground
escape_intermediate	4D	esc_dispatch	ground
escape_intermediate	4E	esc_dispatch	ground
escape_intermediate	4F	esc_dispatch	ground
escape_intermediate	50	esc_dispatch	ground
escape_intermediate	51	esc_dispatch	ground
escape_intermediate	52	esc_dispatch	ground
escape_intermediate	53	esc_dispatch	ground
escape_intermediate	54	esc_dispatch	ground
escape_intermediate	55	esc_dispatch	ground
escape_intermediate	56	esc_dispatch	ground
escape_intermediate	57	esc_dispatch	ground
escape_intermediate	58	esc_dispatch	ground
escape_intermediate	59	esc_dispatch	ground
escape_intermediate	5A	esc_dispatch	ground
escape_intermediate	5B	esc_dispatch	ground
escape_intermediate	5C	esc_dispatch	ground
escape_intermediate	5D	esc_dispatch	ground
escape_intermediate	5E	esc_dispatch	ground
escape_intermediate	5F	esc_dispatch	ground
escape_intermediate	60	esc_dispatch	ground
escape_intermediate	61	esc_dispatch	ground
escape_intermediate	62	esc_dispatch	ground
escape_intermediate	63	esc_dispatch	ground
escape_intermediate	64	esc_dispatch	ground
escape_intermediate	65	esc_dispatch	ground
escape_intermediate	66	esc_dispatch	ground
escape_intermediate	67	esc_dispatch	ground
escape_intermediate	68	esc_dispatch	ground
escape_intermediate	69	esc_dispatch	ground
escape_intermediate	6A	esc_dispatch	ground
escape_intermediate	6B	esc_dispatch	ground
escape_intermediate	6C	esc_dispatch	ground
escape_intermediate	6D	esc_dispatch	ground
escape_intermediate	6E	esc_dispatch	ground
escape_intermediate	6F	esc_dispatch	ground
escape_intermediate	70	esc_dispatch	ground
escape_intermediate	71	esc_dispatch	ground
escape_intermediate	72	esc_dispatch	ground
escape_intermediate	73	esc_dispatch	ground
escape_intermediate	74	esc_dispatch	ground
escape_intermediate	75	esc_dispatch	ground
escape_intermediate	76	esc_dispatch	ground
escape_intermediate	77	esc_dispatch	ground
escape_intermediate	78	esc_dispatch	ground
escape_intermediate	79	esc_dispatch	ground
escape_intermediate	7A	esc_dispatch	ground
escape_intermediate	7B	esc_dispatch	ground
escape_intermediate	7C	esc_dispatch	ground
escape_intermediate	7D	esc_dispatch	ground
escape_intermediate	7E	esc_dispatch	ground
escape_intermediate	7F	ignore	.
escape_intermediate	80	execute	ground
escape_intermediate	81	execute	ground
escape_intermediate	82	execute	ground
escape_intermediate	83	execute	ground
escape_intermediate	84	execute	ground
escape_intermediate	85	execute	ground
escape_intermediate	86	execute	ground
escape_intermediate	87	execute	ground
escape_intermediate	88	execute	ground
escape_intermediate	89	execute	ground
escape_intermediate	8A	execute	ground
escape_intermediate	8B	execute	ground
escape_intermediate	8C	execute	ground
escape_intermediate	8D	execute	ground
escape_intermediate	8E	execute	ground
escape_intermediate	8F	execute	ground
escape_intermediate	90	clear	dcs_entry
escape_intermediate	91	execute	ground
escape_intermediate	92	execute	ground
escape_intermediate	93	execute	ground
escape_intermediate	94	execute	ground
escape_intermediate	95	execute	ground
escape_intermediate	96	execute	ground
escape_intermediate	97	execute	ground
escape_intermediate	98	-	sos_pm_apc_string
escape_intermediate	99	execute	ground
escape_intermediate	9A	execute	ground
escape_intermediate	9B	clear	csi_entry
escape_intermediate	9C	-	ground
escape_intermediate	9D	osc_start	osc_string
escape_intermediate	9E	-	sos_pm_apc_string
escape_intermediate	9F	-	sos_pm_apc_string
escape_intermediate	A0	collect	.
escape_intermediate	A1	collect	.
escape_intermediate	A2	collect	.
escape_intermediate	A3	collect	.
escape_intermediate	A4	collect	.
escape_intermediate	A5	collect	.
escape_intermediate	A6	collect	.
escape_intermediate	A7	collect	.
escape_intermediate	A8	collect	.
escape_intermediate	A9	collect	.
escape_intermediate	AA	collect	.
escape_intermediate	AB	collect	.
escape_intermediate	AC	collect	.
escape_intermediate	AD	collect	.
escape_intermediate	AE	collect	.
escape_intermediate	AF	collect	.
escape_intermediate	B0	esc_dispatch	ground
escape_intermediate	B1	esc_dispatch	ground
escape_intermediate	B2	esc_dispatch	ground
escape_intermediate	B3	esc_dispatch	ground
escape_intermediate	B4	esc_dispatch	ground
escape_intermediate	B5	esc_dispatch	ground
escape_intermediate	B6	esc_dispatch	ground
escape_intermediate	B7	esc_dispatch	ground
escape_intermediate	B8	esc_dispatch	ground
escape_intermediate	B9	esc_dispatch	ground
escape_intermediate	BA	esc_dispatch	ground
escape_intermediate	BB	esc_dispatch	ground
escape_intermediate	BC	esc_dispatch	ground
escape_intermediate	BD	esc_dispatch	ground
escape_intermediate	BE	esc_dispatch	ground
escape_intermediate	BF	esc_dispatch	ground
escape_intermediate	C0	esc_dispatch	ground
escape_intermediate	C1	esc_dispatch	ground
escape_intermediate	C2	esc_dispatch	ground
escape_intermediate	C3	esc_dispatch	ground
escape_intermediate	C4	esc_dispatch	ground
escape_intermediate	C5	esc_dispatch	ground
escape_intermediate	C6	esc_dispatch	ground
escape_intermediate	C7	esc_dispatch	ground
escape_intermediate	C8	esc_dispatch	ground
escape_intermediate	C9	esc_dispatch	ground
escape_intermediate	CA	esc_dispatch	ground
escape_intermediate	CB	esc_dispatch	ground
escape_intermediate	CC	esc_dispatch	ground
escape_intermediate	CD	esc_dispatch	ground
escape_intermediate	CE	esc_dispatch	ground
escape_intermediate	CF	esc_dispatch	ground
escape_intermediate	D0	esc_dispatch	ground
escape_intermediate	D1	esc_dispatch	ground
escape_intermediate	D2	esc_dispatch	ground
escape_intermediate	D3	esc_dispatch	ground
escape_intermediate	D4	esc_dispatch	ground
escape_intermediate	D5	esc_dispatch	ground
escape_intermediate	D6	esc_dispatch	ground
escape_intermediate	D7	esc_dispatch	ground
escape_intermediate	D8	esc_dispatch	ground
escape_intermediate	D9	esc_dispatch	ground
escape_intermediate	DA	esc_dispatch	ground
escape_intermediate	DB	esc_dispatch	ground
escape_intermediate	DC	esc_dispatch	ground
escape_intermediate	DD	esc_dispatch	ground
escape_intermediate	DE	esc_dispatch	ground
escape_intermediate	DF	esc_dispatch	ground
escape_intermediate	E0	esc_dispatch	ground
escape_intermediate	E1	esc_dispatch	ground
escape_intermediate	E2	esc_dispatch	ground
escape_intermediate	E3	esc_dispatch	ground
escape_intermediate	E4	esc_dispatch	ground
escape_intermediate	E5	esc_dispatch	ground
escape_intermediate	E6	esc_dispatch	ground
escape_intermediate	E7	esc_dispatch	ground
escape_intermediate	E8	esc_dispatch	ground
escape_intermediate	E9	esc_dispatch	ground
escape_intermediate	EA	esc_dispatch	ground
escape_intermediate	EB	esc_dispatch	ground
escape_intermediate	EC	esc_dispatch	ground
escape_intermediate	ED	esc_dispatch	ground
escape_intermediate	EE	esc_dispatch	ground
escape_intermediate	EF	esc_dispatch	ground
escape_intermediate	F0	esc_dispatch	ground
escape_intermediate	F1	esc_dispatch	ground
escape_intermediate	F2	esc_dispatch	ground
escape_intermediate	F3	esc_dispatch	ground
escape_intermediate	F4	esc_dispatch	ground
escape_intermediate	F5	esc_dispatch	ground
escape_intermediate	F6	esc_dispatch	ground
escape_intermediate	F7	esc_dispatch	ground
escape_intermediate	F8	esc_dispatch	ground
escape_intermediate	F9	esc_dispatch	ground
escape_intermediate	FA	esc_dispatch	ground
escape_intermediate	FB	esc_dispatch	ground
escape_intermediate	FC	esc_dispatch	ground
escape_intermediate	FD	esc_dispatch	ground
escape_intermediate	FE	esc_dispatch	ground
escape_intermediate	FF	ignore	.
csi_entry	00	execute	.
csi_entry	01	execute	.
csi_entry	02	execute	.
csi_entry	03	execute	.
csi_entry	04	execute	.
csi_entry	05	execute	.
csi_entry	06	execute	.
csi_entry	07	execute	.
csi_entry	08	execute	.
csi_entry	09	execute	.
csi_entry	0A	execute	.
csi_entry	0B	execute	.
csi_entry	0C	execute	.
csi_entry	0D	execute	.
csi_entry	0E	execute	.
csi_entry	0F	execute	.
csi_entry	10	execute	.
csi_entry	11	execute	.
csi_entry	12	execute	.
csi_entry	13	execute	.
csi_entry	14	execute	.
csi_entry	15	execute	.
csi_entry	16	execute	.
csi_entry	17	execute	.
csi_entry	18	execute	ground
csi_entry	19	execute	.
csi_entry	1A	execute	ground
csi_entry	1B	clear	escape
csi_entry	1C	execute	.
csi_entry	1D	execute	.
csi_entry	1E	execute	.
csi_entry	1F	execute	.
csi_entry	20	collect	csi_intermediate
csi_entry	21	collect	csi_intermediate
csi_entry	22	collect	csi_intermediate
csi_entry	23	collect	csi_intermediate
csi_entry	24	collect	csi_intermediate
csi_entry	25	collect	csi_intermediate
csi_entry	26	collect	csi_intermediate
csi_entry	27	collect	csi_intermediate
csi_entry	28	collect	csi_intermediate
csi_entry	29	collect	csi_intermediate
csi_entry	2A	collect	csi_intermediate
csi_entry	2B	collect	csi_intermediate
csi_entry	2C	collect	csi_intermediate
csi_entry	2D	collect	csi_intermediate
csi_entry	2E	collect	csi_intermediate
csi_entry	2F	collect	csi_intermediate
csi_entry	30	param	csi_param
csi_entry	31	param	csi_param
csi_entry	32	param	csi_param
csi_entry	33	param	csi_param
csi_entry	34	param	csi_param
csi_entry	35	param	csi_param
csi_entry	36	param	csi_param
csi_entry	37	param	csi_param
csi_entry	38	param	csi_param
csi_entry	39	param	csi_param
csi_entry	3A	-	csi_ignore
csi_entry	3B	param	csi_param
csi_entry	3C	collect	csi_param
csi_entry	3D	collect	csi_param
csi_entry	3E	collect	csi_param
csi_entry	3F	collect	csi_param
csi_entry	40	csi_dispatch	ground
csi_entry	41	csi_dispatch	ground
csi_entry	42	csi_dispatch	ground
csi_entry	43	csi_dispatch	ground
csi_entry	44	csi_dispatch	ground
csi_entry	45	csi_dispatch	ground
csi_entry	46	csi_dispatch	ground
csi_entry	47	csi_dispatch	ground
csi_entry	48	csi_dispatch	ground
csi_entry	49	csi_dispatch	ground
csi_entry	4A	csi_dispatch	ground
csi_entry	4B	csi_dispatch	ground
csi_entry	4C	csi_dispatch	ground
csi_entry	4D	csi_dispatch	ground
csi_entry	4E	csi_dispatch	ground
csi_entry	4F	csi_dispatch	ground
csi_entry	50	csi_dispatch	ground
csi_entry	51	csi_dispatch	ground
csi_entry	52	csi_dispatch	ground
csi_entry	53	csi_dispatch	ground
csi_entry	54	csi_dispatch	ground
csi_entry	55	csi_dispatch	ground
csi_entry	56	csi_dispatch	ground
csi_entry	57	csi_dispatch	ground
csi_entry	58	csi_dispatch	ground
csi_entry	59	csi_dispatch	ground
csi_entry	5A	csi_dispatch	ground
csi_entry	5B	csi_dispatch	ground
csi_entry	5C	csi_dispatch	ground
csi_entry	5D	csi_dispatch	ground
csi_entry	5E	csi_dispatch	ground
csi_entry	5F	csi_dispatch	ground
csi_entry	60	csi_dispatch	ground
csi_entry	61	csi_dispatch	ground
csi_entry	62	csi_dispatch	ground
csi_entry	63	csi_dispatch	ground
csi_entry	64	csi_dispatch	ground
csi_entry	65	csi_dispatch	ground
csi_entry	66	csi_dispatch	ground
csi_entry	67	csi_dispatch	ground
csi_entry	68	csi_dispatch	ground
csi_entry	69	csi_dispatch	ground
csi_entry	6A	csi_dispatch	ground
csi_entry	6B	csi_dispatch	ground
csi_entry	6C	csi_dispatch	ground
csi_entry	6D	csi_dispatch	ground
csi_entry	6E	csi_dispatch	ground
csi_entry	6F	csi_dispatch	ground
csi_entry	70	csi_dispatch	ground
csi_entry	71	csi_dispatch	ground
csi_entry	72	csi_dispatch	ground
csi_entry	73	csi_dispatch	ground
csi_entry	74	csi_dispatch	ground
csi_entry	75	csi_dispatch	ground
csi_entry	76	csi_dispatch	ground
csi_entry	77	csi_dispatch	ground
csi_entry	78	csi_dispatch	ground
csi_entry	79	csi_dispatch	ground
csi_entry	7A	csi_dispatch	ground
csi_entry	7B	csi_dispatch	ground
csi_entry	7C	csi_dispatch	ground
csi_entry	7D	csi_dispatch	ground
csi_entry	7E	csi_dispatch	ground
csi_entry	7F	ignore	.
csi_entry	80	execute	ground
csi_entry	81	execute	ground
csi_entry	82	execute	ground
csi_entry	83	execute	ground
csi_entry	84	execute	ground
csi_entry	85	execute	ground
csi_entry	86	execute	ground
csi_entry	87	execute	ground
csi_entry	88	execute	ground
csi_entry	89	execute	ground
csi_entry	8A	execute	ground
csi_entry	8B	execute	ground
csi_entry	8C	execute	ground
csi_entry	8D	execute	ground
csi_entry	8E	execute	ground
csi_entry	8F	execute	ground
csi_entry	90	clear	dcs_entry
csi_entry	91	execute	ground
csi_entry	92	execute	ground
csi_entry	93	execute	ground
csi_entry	94	execute	ground
csi_entry	95	execute	ground
csi_entry	96	execute	ground
csi_entry	97	execute	ground
csi_entry	98	-	sos_pm_apc_string
csi_entry	99	execute	ground
csi_entry	9A	execute	ground
csi_entry	9B	clear	.
csi_entry	9C	-	ground
csi_entry	9D	osc_start	osc_string
csi_entry	9E	-	sos_pm_apc_string
csi_entry	9F	-	sos_pm_apc_string
csi_entry	A0	collect	csi_intermediate
csi_entry	A1	collect	csi_intermediate
csi_entry	A2	collect	csi_intermediate
csi_entry	A3	collect	csi_intermediate
csi_entry	A4	collect	csi_intermediate
csi_entry	A5	collect	csi_intermediate
csi_entry	A6	collect	csi_intermediate
csi_entry	A7	collect	csi_intermediate
csi_entry	A8	collect	csi_intermediate
csi_entry	A9	collect	csi_intermediate
csi_entry	AA	collect	csi_intermediate
csi_entry	AB	collect	csi_intermediate
csi_entry	AC	collect	csi_intermediate
csi_entry	AD	collect	csi_intermediate
csi_entry	AE	collect	csi_intermediate
csi_entry	AF	collect	csi_intermediate
csi_entry	B0	param	csi_param
csi_entry	B1	param	csi_param
csi_entry	B2	param	csi_param
csi_entry	B3	param	csi_param
csi_entry	B4	param	csi_param
csi_entry	B5	param	csi_param
csi_entry	B6	param	csi_param
csi_entry	B7	param	csi_param
csi_entry	B8	param	csi_param
csi_entry	B9	param	csi_param
csi_entry	BA	-	csi_ignore
csi_entry	BB	param	csi_param
csi_entry	BC	collect	csi_param
csi_entry	BD	collect	csi_param
csi_entry	BE	collect	csi_param
csi_entry	BF	collect	csi_param
csi_entry	C0	csi_dispatch	ground
csi_entry	C1	csi_dispatch	ground
csi_entry	C2	csi_dispatch	ground
csi_entry	C3	csi_dispatch	ground
csi_entry	C4	csi_dispatch	ground
csi_entry	C5	csi_dispatch	ground
csi_entry	C6	csi_dispatch	ground
csi_entry	C7	csi_dispatch	ground
csi_entry	C8	csi_dispatch	ground
csi_entry	C9	csi_dispatch	ground
csi_entry	CA	csi_dispatch	ground
csi_entry	CB	csi_dispatch	ground
csi_entry	CC	csi_dispatch	ground
csi_entry	CD	csi_dispatch	ground
csi_entry	CE	csi_dispatch	ground
csi_entry	CF	csi_dispatch	ground
csi_entry	D0	csi_dispatch	ground
csi_entry	D1	csi_dispatch	ground
csi_entry	D2	csi_dispatch	ground
csi_entry	D3	csi_dispatch	ground
csi_entry	D4	csi_dispatch	ground
csi_entry	D5	csi_dispatch	ground
csi_entry	D6	csi_dispatch	ground
csi_entry	D7	csi_dispatch	ground
csi_entry	D8	csi_dispatch	ground
csi_entry	D9	csi_dispatch	ground
csi_entry	DA	csi_dispatch	ground
csi_entry	DB	csi_dispatch	ground
csi_entry	DC	csi_dispatch	ground
csi_entry	DD	csi_dispatch	ground
csi_entry	DE	csi_dispatch	ground
csi_entry	DF	csi_dispatch	ground
csi_entry	E0	csi_dispatch	ground
csi_entry	E1	csi_dispatch	ground
csi_entry	E2	csi_dispatch	ground
csi_entry	E3	csi_dispatch	ground
csi_entry	E4	csi_dispatch	ground
csi_entry	E5	csi_dispatch	ground
csi_entry	E6	csi_dispatch	ground
csi_entry	E7	csi_dispatch	ground
csi_entry	E8	csi_dispatch	ground
csi_entry	E9	csi_dispatch	ground
csi_entry	EA	csi_dispatch	ground
csi_entry	EB	csi_dispatch	ground
csi_entry	EC	csi_dispatch	ground
csi_entry	ED	csi_dispatch	ground
csi_entry	EE	csi_dispatch	ground
csi_entry	EF	csi_dispatch	ground
csi_entry	F0	csi_dispatch	ground
csi_entry	F1	csi_dispatch	ground
csi_entry	F2	csi_dispatch	ground
csi_entry	F3	csi_dispatch	ground
csi_entry	F4	csi_dispatch	ground
csi_entry	F5	csi_dispatch	ground
csi_entry	F6	csi_dispatch	ground
csi_entry	F7	csi_dispatch	ground
csi_entry	F8	csi_dispatch	ground
csi_entry	F9	csi_dispatch	ground
csi_entry	FA	csi_dispatch	ground
csi_entry	FB	csi_dispatch	ground
csi_entry	FC	csi_dispatch	ground
csi_entry	FD	csi_dispatch	ground
csi_entry	FE	csi_dispatch	ground
csi_entry	FF	ignore	.
csi_param	00	execute	.
csi_param	01	execute	.
csi_param	02	execute	.
csi_param	03	execute	.
csi_param	04	execute	.
csi_param	05	execute	.
csi_param	06	execute	.
csi_param	07	execute	.
csi_param	08	execute	.
csi_param	09	execute	.
csi_param	0A	execute	.
csi_param	0B	execute	.
csi_param	0C	execute	.
csi_param	0D	execute	.
csi_param	0E	execute	.
csi_param	0F	execute	.
csi_param	10	execute	.
csi_param	11	execute	.
csi_param	12	execute	.
csi_param	13	execute	.
csi_param	14	execute	.
csi_param	15	execute	.
csi_param	16	execute	.
csi_param	17	execute	.
csi_param	18	execute	ground
csi_param	19	execute	.
csi_param	1A	execute	ground
csi_param	1B	clear	escape
csi_param	1C	execute	.
csi_param	1D	execute	.
csi_param	1E	execute	.
csi_param	1F	execute	.
csi_param	20	collect	csi_intermediate
csi_param	21	collect	csi_intermediate
csi_param	22	collect	csi_intermediate
csi_param	23	collect	csi_intermediate
csi_param	24	collect	csi_intermediate
csi_param	25	collect	csi_intermediate
csi_param	26	collect	csi_intermediate
csi_param	27	collect	csi_intermediate
csi_param	28	collect	csi_intermediate
csi_param	29	collect	csi_intermediate
csi_param	2A	collect	csi_intermediate
csi_param	2B	collect	csi_intermediate
csi_param	2C	collect	csi_intermediate
csi_param	2D	collect	csi_intermediate
csi_param	2E	collect	csi_intermediate
csi_param	2F	collect	csi_intermediate
csi_param	30	param	.
csi_param	31	param	.
csi_param	32	param	.
csi_param	33	param	.
csi_param	34	param	.
csi_param	35	param	.
csi_param	36	param	.
csi_param	37	param	.
csi_param	38	param	.
csi_param	39	param	.
csi_param	3A	-	csi_ignore
csi_param	3B	param	.
csi_param	3C	-	csi_ignore
csi_param	3D	-	csi_ignore
csi_param	3E	-	csi_ignore
csi_param	3F	-	csi_ignore
csi_param	40	csi_dispatch	ground
csi_param	41	csi_dispatch	ground
csi_param	42	csi_dispatch	ground
csi_param	43	csi_dispatch	ground
csi_param	44	csi_dispatch	ground
csi_param	45	csi_dispatch	ground
csi_param	46	csi_dispatch	ground
csi_param	47	csi_dispatch	ground
csi_param	48	csi_dispatch	ground
csi_param	49	csi_dispatch	ground
csi_param	4A	csi_dispatch	ground
csi_param	4B	csi_dispatch	ground
csi_param	4C	csi_dispatch	ground
csi_param	4D	csi_dispatch	ground
csi_param	4E	csi_dispatch	ground
csi_param	4F	csi_dispatch	ground
csi_param	50	csi_dispatch	ground
csi_param	51	csi_dispatch	ground
csi_param	52	csi_dispatch	ground
csi_param	53	csi_dispatch	ground
csi_param	54	csi_dispatch	ground
csi_param	55	csi_dispatch	ground
csi_param	56	csi_dispatch	ground
csi_param	57	csi_dispatch	ground
csi_param	58	csi_dispatch	ground
csi_param	59	csi_dispatch	ground
csi_param	5A	csi_dispatch	ground
csi_param	5B	csi_dispatch	ground
csi_param	5C	csi_dispatch	ground
csi_param	5D	csi_dispatch	ground
csi_param	5E	csi_dispatch	ground
csi_param	5F	csi_dispatch	ground
csi_param	60	csi_dispatch	ground
csi_param	61	csi_dispatch	ground
csi_param	62	csi_dispatch	ground
csi_param	63	csi_dispatch	ground
csi_param	64	csi_dispatch	ground
csi_param	65	csi_dispatch	ground
csi_param	66	csi_dispatch	ground
csi_param	67	csi_dispatch	ground
csi_param	68	csi_dispatch	ground
csi_param	69	csi_dispatch	ground
csi_param	6A	csi_dispatch	ground
csi_param	6B	csi_dispatch	ground
csi_param	6C	csi_dispatch	ground
csi_param	6D	csi_dispatch	ground
csi_param	6E	csi_dispatch	ground
csi_param	6F	csi_dispatch	ground
csi_param	70	csi_dispatch	ground
csi_param	71	csi_dispatch	ground
csi_param	72	csi_dispatch	ground
csi_param	73	csi_dispatch	ground
csi_param	74	csi_dispatch	ground
csi_param	75	csi_dispatch	ground
csi_param	76	csi_dispatch	ground
csi_param	77	csi_dispatch	ground
csi_param	78	csi_dispatch	ground
csi_param	79	csi_dispatch	ground
csi_param	7A	csi_dispatch	ground
csi_param	7B	csi_dispatch	ground
csi_param	7C	csi_dispatch	ground
csi_param	7D	csi_dispatch	ground
csi_param	7E	csi_dispatch	ground
csi_param	7F	ignore	.
csi_param	80	execute	ground
csi_param	81	execute	ground
csi_param	82	execute	ground
csi_param	83	execute	ground
csi_param	84	execute	ground
csi_param	85	execute	ground
csi_param	86	execute	ground
csi_param	87	execute	ground
csi_param	88	execute	ground
csi_param	89	execute	ground
csi_param	8A	execute	ground
csi_param	8B	execute	ground
csi_param	8C	execute	ground
csi_param	8D	execute	ground
csi_param	8E	execute	ground
csi_param	8F	execute	ground
csi_param	90	clear	dcs_entry
csi_param	91	execute	ground
csi_param	92	execute	ground
csi_param	93	execute	ground
csi_param	94	execute	ground
csi_param	95	execute	ground
csi_param	96	execute	ground
csi_param	97	execute	ground
csi_param	98	-	sos_pm_apc_string
csi_param	99	execute	ground
csi_param	9A	execute	ground
csi_param	9B	clear	csi_entry
csi_param	9C	-	ground
csi_param	9D	osc_start	osc_string
csi_param	9E	-	sos_pm_apc_string
csi_param	9F	-	sos_pm_apc_string
csi_param	A0	collect	csi_intermediate
csi_param	A1	collect	csi_intermediate
csi_param	A2	collect	csi_intermediate
csi_param	A3	collect	csi_intermediate
csi_param	A4	collect	csi_intermediate
csi_param	A5	collect	csi_intermediate
csi_param	A6	collect	csi_intermediate
csi_param	A7	collect	csi_intermediate
csi_param	A8	collect	csi_intermediate
csi_param	A9	collect	csi_intermediate
csi_param	AA	collect	csi_intermediate
csi_param	AB	collect	csi_intermediate
csi_param	AC	collect	csi_intermediate
csi_param	AD	collect	csi_intermediate
csi_param	AE	collect	csi_intermediate
csi_param	AF	collect	csi_intermediate
csi_param	B0	param	.
csi_param	B1	param	.
csi_param	B2	param	.
csi_param	B3	param	.
csi_param	B4	param	.
csi_param	B5	param	.
csi_param	B6	param	.
csi_param	B7	param	.
csi_param	B8	param	.
csi_param	B9	param	.
csi_param	BA	-	csi_ignore
csi_param	BB	param	.
csi_param	BC	-	csi_ignore
csi_param	BD	-	csi_ignore
csi_param	BE	-	csi_ignore
csi_param	BF	-	csi_ignore
csi_param	C0	csi_dispatch	ground
csi_param	C1	csi_dispatch	ground
csi_param	C2	csi_dispatch	ground
csi_param	C3	csi_dispatch	ground
csi_param	C4	csi_dispatch	ground
csi_param	C5	csi_dispatch	ground
csi_param	C6	csi_dispatch	ground
csi_param	C7	csi_dispatch	ground
csi_param	C8	csi_dispatch	ground
csi_param	C9	csi_dispatch	ground
csi_param	CA	csi_dispatch	ground
csi_param	CB	csi_dispatch	ground
csi_param	CC	csi_dispatch	ground
csi_param	CD	csi_dispatch	ground
csi_param	CE	csi_dispatch	ground
csi_param	CF	csi_dispatch	ground
csi_param	D0	csi_dispatch	ground
csi_param	D1	csi_dispatch	ground
csi_param	D2	csi_dispatch	ground
csi_param	D3	csi_dispatch	ground
csi_param	D4	csi_dispatch	ground
csi_param	D5	csi_dispatch	ground
csi_param	D6	csi_dispatch	ground
csi_param	D7	csi_dispatch	ground
csi_param	D8	csi_dispatch	ground
csi_param	D9	csi_dispatch	ground
csi_param	DA	csi_dispatch	ground
csi_param	DB	csi_dispatch	ground
csi_param	DC	csi_dispatch	ground
csi_param	DD	csi_dispatch	ground
csi_param	DE	csi_dispatch	ground
csi_param	DF	csi_dispatch	ground
csi_param	E0	csi_dispatch	ground
csi_param	E1	csi_dispatch	ground
csi_param	E2	csi_dispatch	ground
csi_param	E3	csi_dispatch	ground
csi_param	E4	csi_dispatch	ground
csi_param	E5	csi_dispatch	ground
csi_param	E6	csi_dispatch	ground
csi_param	E7	csi_dispatch	ground
csi_param	E8	csi_dispatch	ground
csi_param	E9	csi_dispatch	ground
csi_param	EA	csi_dispatch	ground
csi_param	EB	csi_dispatch	ground
csi_param	EC	csi_dispatch	ground
csi_param	ED	csi_dispatch	ground
csi_param	EE	csi_dispatch	ground
csi_param	EF	csi_dispatch	ground
csi_param	F0	csi_dispatch	ground
csi_param	F1	csi_dispatch	ground
csi_param	F2	csi_dispatch	ground
csi_param	F3	csi_dispatch	ground
csi_param	F4	csi_dispatch	ground
csi_param	F5	csi_dispatch	ground
csi_param	F6	csi_dispatch	ground
csi_param	F7	csi_dispatch	ground
csi_param	F8	csi_dispatch	ground
csi_param	F9	csi_dispatch	ground
csi_param	FA	csi_dispatch	ground
csi_param	FB	csi_dispatch	ground
csi_param	FC	csi_dispatch	ground
csi_param	FD	csi_dispatch	ground
csi_param	FE	csi_dispatch	ground
csi_param	FF	ignore	.
csi_intermediate	00	execute	.
csi_intermediate	01	execute	.
csi_intermediate	02	execute	.
csi_intermediate	03	execute	.
csi_intermediate	04	execute	.
csi_intermediate	05	execute	.
csi_intermediate	06	execute	.
csi_intermediate	07	execute	.
csi_intermediate	08	execute	.
csi_intermediate	09	execute	.
csi_intermediate	0A	execute	.
csi_intermediate	0B	execute	.
csi_intermediate	0C	execute	.
csi_intermediate	0D	execute	.
csi_intermediate	0E	execute	.
csi_intermediate	0F	execute	.
csi_intermediate	10	execute	.
csi_intermediate	11	execute	.
csi_intermediate	12	execute	.
csi_intermediate	13	execute	.
csi_intermediate	14	execute	.
csi_intermediate	15	execute	.
csi_intermediate	16	execute	.
csi_intermediate	17	execute	.
csi_intermediate	18	execute	ground
csi_intermediate	19	execute	.
csi_intermediate	1A	execute	ground
csi_intermediate	1B	clear	escape
csi_intermediate	1C	execute	.
csi_intermediate	1D	execute	.
csi_intermediate	1E	execute	.
csi_intermediate	1F	execute	.
csi_intermediate	20	collect	.
csi_intermediate	21	collect	.
csi_intermediate	22	collect	.
csi_intermediate	23	collect	.
csi_intermediate	24	collect	.
csi_intermediate	25	collect	.
csi_intermediate	26	collect	.
csi_intermediate	27	collect	.
csi_intermediate	28	collect	.
csi_intermediate	29	collect	.
csi_intermediate	2A	collect	.
csi_intermediate	2B	collect	.
csi_intermediate	2C	collect	.
csi_intermediate	2D	collect	.
csi_intermediate	2E	collect	.
csi_intermediate	2F	collect	.
csi_intermediate	30	-	csi_ignore
csi_intermediate	31	-	csi_ignore
csi_intermediate	32	-	csi_ignore
csi_intermediate	33	-	csi_ignore
csi_intermediate	34	-	csi_ignore
csi_intermediate	35	-	csi_ignore
csi_intermediate	36	-	csi_ignore
csi_intermediate	37	-	csi_ignore
csi_intermediate	38	-	csi_ignore
csi_intermediate	39	-	csi_ignore
csi_intermediate	3A	-	csi_ignore
csi_intermediate	3B	-	csi_ignore
csi_intermediate	3C	-	csi_ignore
csi_intermediate	3D	-	csi_ignore
csi_intermediate	3E	-	csi_ignore
csi_intermediate	3F	-	csi_ignore
csi_intermediate	40	csi_dispatch	ground
csi_intermediate	41	csi_dispatch	ground
csi_intermediate	42	csi_dispatch	ground
csi_intermediate	43	csi_dispatch	ground
csi_intermediate	44	csi_dispatch	ground
csi_intermediate	45	csi_dispatch	ground
csi_intermediate	46	csi_dispatch	ground
csi_intermediate	47	csi_dispatch	ground
csi_intermediate	48	csi_dispatch	ground
csi_intermediate	49	csi_dispatch	ground
csi_intermediate	4A	csi_dispatch	ground
csi_intermediate	4B	csi_dispatch	ground
csi_intermediate	4C	csi_dispatch	ground
csi_intermediate	4D	csi_dispatch	ground
csi_intermediate	4E	csi_dispatch	ground
csi_intermediate	4F	csi_dispatch	ground
csi_intermediate	50	csi_dispatch	ground
csi_intermediate	51	csi_dispatch	ground
csi_intermediate	52	csi_dispatch	ground
csi_intermediate	53	csi_dispatch	ground
csi_intermediate	54	csi_dispatch	ground
csi_intermediate	55	csi_dispatch	ground
csi_intermediate	56	csi_dispatch	ground
csi_intermediate	57	csi_dispatch	ground
csi_intermediate	58	csi_dispatch	ground
csi_intermediate	59	csi_dispatch	ground
csi_intermediate	5A	csi_dispatch	ground
csi_intermediate	5B	csi_dispatch	ground
csi_intermediate	5C	csi_dispatch	ground
csi_intermediate	5D	csi_dispatch	ground
csi_intermediate	5E	csi_dispatch	ground
csi_intermediate	5F	csi_dispatch	ground
csi_intermediate	60	csi_dispatch	ground
csi_intermediate	61	csi_dispatch	ground
csi_intermediate	62	csi_dispatch	ground
csi_intermediate	63	csi_dispatch	ground
csi_intermediate	64	csi_dispatch	ground
csi_intermediate	65	csi_dispatch	ground
csi_intermediate	66	csi_dispatch	ground
csi_intermediate	67	csi_dispatch	ground
csi_intermediate	68	csi_dispatch	ground
csi_intermediate	69	csi_dispatch	ground
csi_intermediate	6A	csi_dispatch	ground
csi_intermediate	6B	csi_dispatch	ground
csi_intermediate	6C	csi_dispatch	ground
csi_intermediate	6D	csi_dispatch	ground
csi_intermediate	6E	csi_dispatch	ground
csi_intermediate	6F	csi_dispatch	ground
csi_intermediate	70	csi_dispatch	ground
csi_intermediate	71	csi_dispatch	ground
csi_intermediate	72	csi_dispatch	ground
csi_intermediate	73	csi_dispatch	ground
csi_intermediate	74	csi_dispatch	ground
csi_intermediate	75	csi_dispatch	ground
csi_intermediate	76	csi_dispatch	ground
csi_intermediate	77	csi_dispatch	ground
csi_intermediate	78	csi_dispatch	ground
csi_intermediate	79	csi_dispatch	ground
csi_intermediate	7A	csi_dispatch	ground
csi_intermediate	7B	csi_dispatch	ground
csi_intermediate	7C	csi_dispatch	ground
csi_intermediate	7D	csi_dispatch	ground
csi_intermediate	7E	csi_dispatch	ground
csi_intermediate	7F	ignore	.
csi_intermediate	80	execute	ground
csi_intermediate	81	execute	ground
csi_intermediate	82	execute	ground
csi_intermediate	83	execute	ground
csi_intermediate	84	execute	ground
csi_intermediate	85	execute	ground
csi_intermediate	86	execute	ground
csi_intermediate	87	execute	ground
csi_intermediate	88	execute	ground
csi_intermediate	89	execute	ground
csi_intermediate	8A	execute	ground
csi_intermediate	8B	execute	ground
csi_intermediate	8C	execute	ground
csi_intermediate	8D	execute	ground
csi_intermediate	8E	execute	ground
csi_intermediate	8F	execute	ground
csi_intermediate	90	clear	dcs_entry
csi_intermediate	91	execute	ground
csi_intermediate	92	execute	ground
csi_intermediate	93	execute	ground
csi_intermediate	94	execute	ground
csi_intermediate	95	execute	ground
csi_intermediate	96	execute	ground
csi_intermediate	97	execute	ground
csi_intermediate	98	-	sos_pm_apc_string
csi_intermediate	99	execute	ground
csi_intermediate	9A	execute	ground
csi_intermediate	9B	clear	csi_entry
csi_intermediate	9C	-	ground
csi_intermediate	9D	osc_start	osc_string
csi_intermediate	9E	-	sos_pm_apc_string
csi_intermediate	9F	-	sos_pm_apc_string
csi_intermediate	A0	collect	.
csi_intermediate	A1	collect	.
csi_intermediate	A2	collect	.
csi_intermediate	A3	collect	.
csi_intermediate	A4	collect	.
csi_intermediate	A5	collect	.
csi_intermediate	A6	collect	.
csi_intermediate	A7	collect	.
csi_intermediate	A8	collect	.
csi_intermediate	A9	collect	.
csi_intermediate	AA	collect	.
csi_intermediate	AB	collect	.
csi_intermediate	AC	collect	.
csi_intermediate	AD	collect	.
csi_intermediate	AE	collect	.
csi_intermediate	AF	collect	.
csi_intermediate	B0	-	csi_ignore
csi_intermediate	B1	-	csi_ignore
csi_intermediate	B2	-	csi_ignore
csi_intermediate	B3	-	csi_ignore
csi_intermediate	B4	-	csi_ignore
csi_intermediate	B5	-	csi_ignore
csi_intermediate	B6	-	csi_ignore
csi_intermediate	B7	-	csi_ignore
csi_intermediate	B8	-	csi_ignore
csi_intermediate	B9	-	csi_ignore
csi_intermediate	BA	-	csi_ignore
csi_intermediate	BB	-	csi_ignore
csi_intermediate	BC	-	csi_ignore
csi_intermediate	BD	-	csi_ignore
csi_intermediate	BE	-	csi_ignore
csi_intermediate	BF	-	csi_ignore
csi_intermediate	C0	csi_dispatch	ground
csi_intermediate	C1	csi_dispatch	ground
csi_intermediate	C2	csi_dispatch	ground
csi_intermediate	C3	csi_dispatch	ground
csi_intermediate	C4	csi_dispatch	ground
csi_intermediate	C5	csi_dispatch	ground
csi_intermediate	C6	csi_dispatch	ground
csi_intermediate	C7	csi_dispatch	ground
csi_intermediate	C8	csi_dispatch	ground
csi_intermediate	C9	csi_dispatch	ground
csi_intermediate	CA	csi_dispatch	ground
csi_intermediate	CB	csi_dispatch	ground
csi_intermediate	CC	csi_dispatch	ground
csi_intermediate	CD	csi_dispatch	ground
csi_intermediate	CE	csi_dispatch	ground
csi_intermediate	CF	csi_dispatch	ground
csi_intermediate	D0	csi_dispatch	ground
csi_intermediate	D1	csi_dispatch	ground
csi_intermediate	D2	csi_dispatch	ground
csi_intermediate	D3	csi_dispatch	ground
csi_intermediate	D4	csi_dispatch	ground
csi_intermediate	D5	csi_dispatch	ground
csi_intermediate	D6	csi_dispatch	ground
csi_intermediate	D7	csi_dispatch	ground
csi_intermediate	D8	csi_dispatch	ground
csi_intermediate	D9	csi_dispatch	ground
csi_intermediate	DA	csi_dispatch	ground
csi_intermediate	DB	csi_dispatch	ground
csi_intermediate	DC	csi_dispatch	ground
csi_intermediate	DD	csi_dispatch	ground
csi_intermediate	DE	csi_dispatch	ground
csi_intermediate	DF	csi_dispatch	ground
csi_intermediate	E0	csi_dispatch	ground
csi_intermediate	E1	csi_dispatch	ground
csi_intermediate	E2	csi_dispatch	ground
csi_intermediate	E3	csi_dispatch	ground
csi_intermediate	E4	csi_dispatch	ground
csi_intermediate	E5	csi_dispatch	ground
csi_intermediate	E6	csi_dispatch	ground
csi_intermediate	E7	csi_dispatch	ground
csi_intermediate	E8	csi_dispatch	ground
csi_intermediate	E9	csi_dispatch	ground
csi_intermediate	EA	csi_dispatch	ground
csi_intermediate	EB	csi_dispatch	ground
csi_intermediate	EC	csi_dispatch	ground
csi_intermediate	ED	csi_dispatch	ground
csi_intermediate	EE	csi_dispatch	ground
csi_intermediate	EF	csi_dispatch	ground
csi_intermediate	F0	csi_dispatch	ground
csi_intermediate	F1	csi_dispatch	ground
csi_intermediate	F2	csi_dispatch	ground
csi_intermediate	F3	csi_dispatch	ground
csi_intermediate	F4	csi_dispatch	ground
csi_intermediate	F5	csi_dispatch	ground
csi_intermediate	F6	csi_dispatch	ground
csi_intermediate	F7	csi_dispatch	ground
csi_intermediate	F8	csi_dispatch	ground
csi_intermediate	F9	csi_dispatch	ground
csi_intermediate	FA	csi_dispatch	ground
csi_intermediate	FB	csi_dispatch	ground
csi_intermediate	FC	csi_dispatch	ground
csi_intermediate	FD	csi_dispatch	ground
csi_intermediate	FE	csi_dispatch	ground
csi_intermediate	FF	ignore	.
csi_ignore	00	execute	.
csi_ignore	01	execute	.
csi_ignore	02	execute	.
csi_ignore	03	execute	.
csi_ignore	04	execute	.
csi_ignore	05	execute	.
csi_ignore	06	execute	.
csi_ignore	07	execute	.
csi_ignore	08	execute	.
csi_ignore	09	execute	.
csi_ignore	0A	execute	.
csi_ignore	0B	execute	.
csi_ignore	0C	execute	.
csi_ignore	0D	execute	.
csi_ignore	0E	execute	.
csi_ignore	0F	execute	.
csi_ignore	10	execute	.
csi_ignore	11	execute	.
csi_ignore	12	execute	.
csi_ignore	13	execute	.
csi_ignore	14	execute	.
csi_ignore	15	execute	.
csi_ignore	16	execute	.
csi_ignore	17	execute	.
csi_ignore	18	execute	ground
csi_ignore	19	execute	.
csi_ignore	1A	execute	ground
csi_ignore	1B	clear	escape
csi_ignore	1C	execute	.
csi_ignore	1D	execute	.
csi_ignore	1E	execute	.
csi_ignore	1F	execute	.
csi_ignore	20	ignore	.
csi_ignore	21	ignore	.
csi_ignore	22	ignore	.
csi_ignore	23	ignore	.
csi_ignore	24	ignore	.
csi_ignore	25	ignore	.
csi_ignore	26	ignore	.
csi_ignore	27	ignore	.
csi_ignore	28	ignore	.
csi_ignore	29	ignore	.
csi_ignore	2A	ignore	.
csi_ignore	2B	ignore	.
csi_ignore	2C	ignore	.
csi_ignore	2D	ignore	.
csi_ignore	2E	ignore	.
csi_ignore	2F	ignore	.
csi_ignore	30	ignore	.
csi_ignore	31	ignore	.
csi_ignore	32	ignore	.
csi_ignore	33	ignore	.
csi_ignore	34	ignore	.
csi_ignore	35	ignore	.
csi_ignore	36	ignore	.
csi_ignore	37	ignore	.
csi_ignore	38	ignore	.
csi_ignore	39	ignore	.
csi_ignore	3A	ignore	.
csi_ignore	3B	ignore	.
csi_ignore	3C	ignore	.
csi_ignore	3D	ignore	.
csi_ignore	3E	ignore	.
csi_ignore	3F	ignore	.
csi_ignore	40	-	ground
csi_ignore	41	-	ground
csi_ignore	42	-	ground
csi_ignore	43	-	ground
csi_ignore	44	-	ground
csi_ignore	45	-	ground
csi_ignore	46	-	ground
csi_ignore	47	-	ground
csi_ignore	48	-	ground
csi_ignore	49	-	ground
csi_ignore	4A	-	ground
csi_ignore	4B	-	ground
csi_ignore	4C	-	ground
csi_ignore	4D	-	ground
csi_ignore	4E	-	ground
csi_ignore	4F	-	ground
csi_ignore	50	-	ground
csi_ignore	51	-	ground
csi_ignore	52	-	ground
csi_ignore	53	-	ground
csi_ignore	54	-	ground
csi_ignore	55	-	ground
csi_ignore	56	-	ground
csi_ignore	57	-	ground
csi_ignore	58	-	ground
csi_ignore	59	-	ground
csi_ignore	5A	-	ground
csi_ignore	5B	-	ground
csi_ignore	5C	-	ground
csi_ignore	5D	-	ground
csi_ignore	5E	-	ground
csi_ignore	5F	-	ground
csi_ignore	60	-	ground
csi_ignore	61	-	ground
csi_ignore	62	-	ground
csi_ignore	63	-	ground
csi_ignore	64	-	ground
csi_ignore	65	-	ground
csi_ignore	66	-	ground
csi_ignore	67	-	ground
csi_ignore	68	-	ground
csi_ignore	69	-	ground
csi_ignore	6A	-	ground
csi_ignore	6B	-	ground
csi_ignore	6C	-	ground
csi_ignore	6D	-	ground
csi_ignore	6E	-	ground
csi_ignore	6F	-	ground
csi_ignore	70	-	ground
csi_ignore	71	-	ground
csi_ignore	72	-	ground
csi_ignore	73	-	ground
csi_ignore	74	-	ground
csi_ignore	75	-	ground
csi_ignore	76	-	ground
csi_ignore	77	-	ground
csi_ignore	78	-	ground
csi_ignore	79	-	ground
csi_ignore	7A	-	ground
csi_ignore	7B	-	ground
csi_ignore	7C	-	ground
csi_ignore	7D	-	ground
csi_ignore	7E	-	ground
csi_ignore	7F	ignore	.
csi_ignore	80	execute	ground
csi_ignore	81	execute	ground
csi_ignore	82	execute	ground
csi_ignore	83	execute	ground
csi_ignore	84	execute	ground
csi_ignore	85	execute	ground
csi_ignore	86	execute	ground
csi_ignore	87	execute	ground
csi_ignore	88	execute	ground
csi_ignore	89	execute	ground
csi_ignore	8A	execute	ground
csi_ignore	8B	execute	ground
csi_ignore	8C	execute	ground
csi_ignore	8D	execute	ground
csi_ignore	8E	execute	ground
csi_ignore	8F	execute	ground
csi_ignore	90	clear	dcs_entry
csi_ignore	91	execute	ground
csi_ignore	92	execute	ground
csi_ignore	93	execute	ground
csi_ignore	94	execute	ground
csi_ignore	95	execute	ground
csi_ignore	96	execute	ground
csi_ignore	97	execute	ground
csi_ignore	98	-	sos_pm_apc_string
csi_ignore	99	execute	ground
csi_ignore	9A	execute	ground
csi_ignore	9B	clear	csi_entry
csi_ignore	9C	-	ground
csi_ignore	9D	osc_start	osc_string
csi_ignore	9E	-	sos_pm_apc_string
csi_ignore	9F	-	sos_pm_apc_string
csi_ignore	A0	ignore	.
csi_ignore	A1	ignore	.
csi_ignore	A2	ignore	.
csi_ignore	A3	ignore	.
csi_ignore	A4	ignore	.
csi_ignore	A5	ignore	.
csi_ignore	A6	ignore	.
csi_ignore	A7	ignore	.
csi_ignore	A8	ignore	.
csi_ignore	A9	ignore	.
csi_ignore	AA	ignore	.
csi_ignore	AB	ignore	.
csi_ignore	AC	ignore	.
csi_ignore	AD	ignore	.
csi_ignore	AE	ignore	.
csi_ignore	AF	ignore	.
csi_ignore	B0	ignore	.
csi_ignore	B1	ignore	.
csi_ignore	B2	ignore	.
csi_ignore	B3	ignore	.
csi_ignore	B4	ignore	.
csi_ignore	B5	ignore	.
csi_ignore	B6	ignore	.
csi_ignore	B7	ignore	.
csi_ignore	B8	ignore	.
csi_ignore	B9	ignore	.
csi_ignore	BA	ignore	.
csi_ignore	BB	ignore	.
csi_ignore	BC	ignore	.
csi_ignore	BD	ignore	.
csi_ignore	BE	ignore	.
csi_ignore	BF	ignore	.
csi_ignore	C0	-	ground
csi_ignore	C1	-	ground
csi_ignore	C2	-	ground
csi_ignore	C3	-	ground
csi_ignore	C4	-	ground
csi_ignore	C5	-	ground
csi_ignore	C6	-	ground
csi_ignore	C7	-	ground
csi_ignore	C8	-	ground
csi_ignore	C9	-	ground
csi_ignore	CA	-	ground
csi_ignore	CB	-	ground
csi_ignore	CC	-	ground
csi_ignore	CD	-	ground
csi_ignore	CE	-	ground
csi_ignore	CF	-	ground
csi_ignore	D0	-	ground
csi_ignore	D1	-	ground
csi_ignore	D2	-	ground
csi_ignore	D3	-	ground
csi_ignore	D4	-	ground
csi_ignore	D5	-	ground
csi_ignore	D6	-	ground
csi_ignore	D7	-	ground
csi_ignore	D8	-	ground
csi_ignore	D9	-	ground
csi_ignore	DA	-	ground
csi_ignore	DB	-	ground
csi_ignore	DC	-	ground
csi_ignore	DD	-	ground
csi_ignore	DE	-	ground
csi_ignore	DF	-	ground
csi_ignore	E0	-	ground
csi_ignore	E1	-	ground
csi_ignore	E2	-	ground
csi_ignore	E3	-	ground
csi_ignore	E4	-	ground
csi_ignore	E5	-	ground
csi_ignore	E6	-	ground
csi_ignore	E7	-	ground
csi_ignore	E8	-	ground
csi_ignore	E9	-	ground
csi_ignore	EA	-	ground
csi_ignore	EB	-	ground
csi_ignore	EC	-	ground
csi_ignore	ED	-	ground
csi_ignore	EE	-	ground
csi_ignore	EF	-	ground
csi_ignore	F0	-	ground
csi_ignore	F1	-	ground
csi_ignore	F2	-	ground
csi_ignore	F3	-	ground
csi_ignore	F4	-	ground
csi_ignore	F5	-	ground
csi_ignore	F6	-	ground
csi_ignore	F7	-	ground
csi_ignore	F8	-	ground
csi_ignore	F9	-	ground
csi_ignore	FA	-	ground
csi_ignore	FB	-	ground
csi_ignore	FC	-	ground
csi_ignore	FD	-	ground
csi_ignore	FE	-	ground
csi_ignore	FF	ignore	.
dcs_entry	00	ignore	.
dcs_entry	01	ignore	.
dcs_entry	02	ignore	.
dcs_entry	03	ignore	.
dcs_entry	04	ignore	.
dcs_entry	05	ignore	.
dcs_entry	06	ignore	.
dcs_entry	07	ignore	.
dcs_entry	08	ignore	.
dcs_entry	09	ignore	.
dcs_entry	0A	ignore	.
dcs_entry	0B	ignore	.
dcs_entry	0C	ignore	.
dcs_entry	0D	ignore	.
dcs_entry	0E	ignore	.
dcs_entry	0F	ignore	.
dcs_entry	10	ignore	.
dcs_entry	11	ignore	.
dcs_entry	12	ignore	.
dcs_entry	13	ignore	.
dcs_entry	14	ignore	.
dcs_entry	15	ignore	.
dcs_entry	16	ignore	.
dcs_entry	17	ignore	.
dcs_entry	18	execute	ground
dcs_entry	19	ignore	.
dcs_entry	1A	execute	ground
dcs_entry	1B	clear	escape
dcs_entry	1C	ignore	.
dcs_entry	1D	ignore	.
dcs_entry	1E	ignore	.
dcs_entry	1F	ignore	.
dcs_entry	20	collect	dcs_intermediate
dcs_entry	21	collect	dcs_intermediate
dcs_entry	22	collect	dcs_intermediate
dcs_entry	23	collect	dcs_intermediate
dcs_entry	24	collect	dcs_intermediate
dcs_entry	25	collect	dcs_intermediate
dcs_entry	26	collect	dcs_intermediate
dcs_entry	27	collect	dcs_intermediate
dcs_entry	28	collect	dcs_intermediate
dcs_entry	29	collect	dcs_intermediate
dcs_entry	2A	collect	dcs_intermediate
dcs_entry	2B	collect	dcs_intermediate
dcs_entry	2C	collect	dcs_intermediate
dcs_entry	2D	collect	dcs_intermediate
dcs_entry	2E	collect	dcs_intermediate
dcs_entry	2F	collect	dcs_intermediate
dcs_entry	30	param	dcs_param
dcs_entry	31	param	dcs_param
dcs_entry	32	param	dcs_param
dcs_entry	33	param	dcs_param
dcs_entry	34	param	dcs_param
dcs_entry	35	param	dcs_param
dcs_entry	36	param	dcs_param
dcs_entry	37	param	dcs_param
dcs_entry	38	param	dcs_param
dcs_entry	39	param	dcs_param
dcs_entry	3A	-	dcs_ignore
dcs_entry	3B	param	dcs_param
dcs_entry	3C	collect	dcs_param
dcs_entry	3D	collect	dcs_param
dcs_entry	3E	collect	dcs_param
dcs_entry	3F	collect	dcs_param
dcs_entry	40	hook	dcs_passthrough
dcs_entry	41	hook	dcs_passthrough
dcs_entry	42	hook	dcs_passthrough
dcs_entry	43	hook	dcs_passthrough
dcs_entry	44	hook	dcs_passthrough
dcs_entry	45	hook	dcs_passthrough
dcs_entry	46	hook	dcs_passthrough
dcs_entry	47	hook	dcs_passthrough
dcs_entry	48	hook	dcs_passthrough
dcs_entry	49	hook	dcs_passthrough
dcs_entry	4A	hook	dcs_passthrough
dcs_entry	4B	hook	dcs_passthrough
dcs_entry	4C	hook	dcs_passthrough
dcs_entry	4D	hook	dcs_passthrough
dcs_entry	4E	hook	dcs_passthrough
dcs_entry	4F	hook	dcs_passthrough
dcs_entry	50	hook	dcs_passthrough
dcs_entry	51	hook	dcs_passthrough
dcs_entry	52	hook	dcs_passthrough
dcs_entry	53	hook	dcs_passthrough
dcs_entry	54	hook	dcs_passthrough
dcs_entry	55	hook	dcs_passthrough
dcs_entry	56	hook	dcs_passthrough
dcs_entry	57	hook	dcs_passthrough
dcs_entry	58	hook	dcs_passthrough
dcs_entry	59	hook	dcs_passthrough
dcs_entry	5A	hook	dcs_passthrough
dcs_entry	5B	hook	dcs_passthrough
dcs_entry	5C	hook	dcs_passthrough
dcs_entry	5D	hook	dcs_passthrough
dcs_entry	5E	hook	dcs_passthrough
dcs_entry	5F	hook	dcs_passthrough
dcs_entry	60	hook	dcs_passthrough
dcs_entry	61	hook	dcs_passthrough
dcs_entry	62	hook	dcs_passthrough
dcs_entry	63	hook	dcs_passthrough
dcs_entry	64	hook	dcs_passthrough
dcs_entry	65	hook	dcs_passthrough
dcs_entry	66	hook	dcs_passthrough
dcs_entry	67	hook	dcs_passthrough
dcs_entry	68	hook	dcs_passthrough
dcs_entry	69	hook	dcs_passthrough
dcs_entry	6A	hook	dcs_passthrough
dcs_entry	6B	hook	dcs_passthrough
dcs_entry	6C	hook	dcs_passthrough
dcs_entry	6D	hook	dcs_passthrough
dcs_entry	6E	hook	dcs_passthrough
dcs_entry	6F	hook	dcs_passthrough
dcs_entry	70	hook	dcs_passthrough
dcs_entry	71	hook	dcs_passthrough
dcs_entry	72	hook	dcs_passthrough
dcs_entry	73	hook	dcs_passthrough
dcs_entry	74	hook	dcs_passthrough
dcs_entry	75	hook	dcs_passthrough
dcs_entry	76	hook	dcs_passthrough
dcs_entry	77	hook	dcs_passthrough
dcs_entry	78	hook	dcs_passthrough
dcs_entry	79	hook	dcs_passthrough
dcs_entry	7A	hook	dcs_passthrough
dcs_entry	7B	hook	dcs_passthrough
dcs_entry	7C	hook	dcs_passthrough
dcs_entry	7D	hook	dcs_passthrough
dcs_entry	7E	hook	dcs_passthrough
dcs_entry	7F	ignore	.
dcs_entry	80	execute	ground
dcs_entry	81	execute	ground
dcs_entry	82	execute	ground
dcs_entry	83	execute	ground
dcs_entry	84	execute	ground
dcs_entry	85	execute	ground
dcs_entry	86	execute	ground
dcs_entry	87	execute	ground
dcs_entry	88	execute	ground
dcs_entry	89	execute	ground
dcs_entry	8A	execute	ground
dcs_entry	8B	execute	ground
dcs_entry	8C	execute	ground
dcs_entry	8D	execute	ground
dcs_entry	8E	execute	ground
dcs_entry	8F	execute	ground
dcs_entry	90	clear	.
dcs_entry	91	execute	ground
dcs_entry	92	execute	ground
dcs_entry	93	execute	ground
dcs_entry	94	execute	ground
dcs_entry	95	execute	ground
dcs_entry	96	execute	ground
dcs_entry	97	execute	ground
dcs_entry	98	-	sos_pm_apc_string
dcs_entry	99	execute	ground
dcs_entry	9A	execute	ground
dcs_entry	9B	clear	csi_entry
dcs_entry	9C	-	ground
dcs_entry	9D	osc_start	osc_string
dcs_entry	9E	-	sos_pm_apc_string
dcs_entry	9F	-	sos_pm_apc_string
dcs_entry	A0	collect	dcs_intermediate
dcs_entry	A1	collect	dcs_intermediate
dcs_entry	A2	collect	dcs_intermediate
dcs_entry	A3	collect	dcs_intermediate
dcs_entry	A4	collect	dcs_intermediate
dcs_entry	A5	collect	dcs_intermediate
dcs_entry	A6	collect	dcs_intermediate
dcs_entry	A7	collect	dcs_intermediate
dcs_entry	A8	collect	dcs_intermediate
dcs_entry	A9	collect	dcs_intermediate
dcs_entry	AA	collect	dcs_intermediate
dcs_entry	AB	collect	dcs_intermediate
dcs_entry	AC	collect	dcs_intermediate
dcs_entry	AD	collect	dcs_intermediate
dcs_entry	AE	collect	dcs_intermediate
dcs_entry	AF	collect	dcs_intermediate
dcs_entry	B0	param	dcs_param
dcs_entry	B1	param	dcs_param
dcs_entry	B2	param	dcs_param
dcs_entry	B3	param	dcs_param
dcs_entry	B4	param	dcs_param
dcs_entry	B5	param	dcs_param
dcs_entry	B6	param	dcs_param
dcs_entry	B7	param	dcs_param
dcs_entry	B8	param	dcs_param
dcs_entry	B9	param	dcs_param
dcs_entry	BA	-	dcs_ignore
dcs_entry	BB	param	dcs_param
dcs_entry	BC	collect	dcs_param
dcs_entry	BD	collect	dcs_param
dcs_entry	BE	collect	dcs_param
dcs_entry	BF	collect	dcs_param
dcs_entry	C0	hook	dcs_passthrough
dcs_entry	C1	hook	dcs_passthrough
dcs_entry	C2	hook	dcs_passthrough
dcs_entry	C3	hook	dcs_passthrough
dcs_entry	C4	hook	dcs_passthrough
dcs_entry	C5	hook	dcs_passthrough
dcs_entry	C6	hook	dcs_passthrough
dcs_entry	C7	hook	dcs_passthrough
dcs_entry	C8	hook	dcs_passthrough
dcs_entry	C9	hook	dcs_passthrough
dcs_entry	CA	hook	dcs_passthrough
dcs_entry	CB	hook	dcs_passthrough
dcs_entry	CC	hook	dcs_passthrough
dcs_entry	CD	hook	dcs_passthrough
dcs_entry	CE	hook	dcs_passthrough
dcs_entry	CF	hook	dcs_passthrough
dcs_entry	D0	hook	dcs_passthrough
dcs_entry	D1	hook	dcs_passthrough
dcs_entry	D2	hook	dcs_passthrough
dcs_entry	D3	hook	dcs_passthrough
dcs_entry	D4	hook	dcs_passthrough
dcs_entry	D5	hook	dcs_passthrough
dcs_entry	D6	hook	dcs_passthrough
dcs_entry	D7	hook	dcs_passthrough
dcs_entry	D8	hook	dcs_passthrough
dcs_entry	D9	hook	dcs_passthrough
dcs_entry	DA	hook	dcs_passthrough
dcs_entry	DB	hook	dcs_passthrough
dcs_entry	DC	hook	dcs_passthrough
dcs_entry	DD	hook	dcs_passthrough
dcs_entry	DE	hook	dcs_passthrough
dcs_entry	DF	hook	dcs_passthrough
dcs_entry	E0	hook	dcs_passthrough
dcs_entry	E1	hook	dcs_passthrough
dcs_entry	E2	hook	dcs_passthrough
dcs_entry	E3	hook	dcs_passthrough
dcs_entry	E4	hook	dcs_passthrough
dcs_entry	E5	hook	dcs_passthrough
dcs_entry	E6	hook	dcs_passthrough
dcs_entry	E7	hook	dcs_passthrough
dcs_entry	E8	hook	dcs_passthrough
dcs_entry	E9	hook	dcs_passthrough
dcs_entry	EA	hook	dcs_passthrough
dcs_entry	EB	hook	dcs_passthrough
dcs_entry	EC	hook	dcs_passthrough
dcs_entry	ED	hook	dcs_passthrough
dcs_entry	EE	hook	dcs_passthrough
dcs_entry	EF	hook	dcs_passthrough
dcs_entry	F0	hook	dcs_passthrough
dcs_entry	F1	hook	dcs_passthrough
dcs_entry	F2	hook	dcs_passthrough
dcs_entry	F3	hook	dcs_passthrough
dcs_entry	F4	hook	dcs_passthrough
dcs_entry	F5	hook	dcs_passthrough
dcs_entry	F6	hook	dcs_passthrough
dcs_entry	F7	hook	dcs_passthrough
dcs_entry	F8	hook	dcs_passthrough
dcs_entry	F9	hook	dcs_passthrough
dcs_entry	FA	hook	dcs_passthrough
dcs_entry	FB	hook	dcs_passthrough
dcs_entry	FC	hook	dcs_passthrough
dcs_entry	FD	hook	dcs_passthrough
dcs_entry	FE	hook	dcs_passthrough
dcs_entry	FF	ignore	.
dcs_param	00	ignore	.
dcs_param	01	ignore	.
dcs_param	02	ignore	.
dcs_param	03	ignore	.
dcs_param	04	ignore	.
dcs_param	05	ignore	.
dcs_param	06	ignore	.
dcs_param	07	ignore	.
dcs_param	08	ignore	.
dcs_param	09	ignore	.
dcs_param	0A	ignore	.
dcs_param	0B	ignore	.
dcs_param	0C	ignore	.
dcs_param	0D	ignore	.
dcs_param	0E	ignore	.
dcs_param	0F	ignore	.
dcs_param	10	ignore	.
dcs_param	11	ignore	.
dcs_param	12	ignore	.
dcs_param	13	ignore	.
dcs_param	14	ignore	.
dcs_param	15	ignore	.
dcs_param	16	ignore	.
dcs_param	17	ignore	.
dcs_param	18	execute	ground
dcs_param	19	ignore	.
dcs_param	1A	execute	ground
dcs_param	1B	clear	escape
dcs_param	1C	ignore	.
dcs_param	1D	ignore	.
dcs_param	1E	ignore	.
dcs_param	1F	ignore	.
dcs_param	20	collect	dcs_intermediate
dcs_param	21	collect	dcs_intermediate
dcs_param	22	collect	dcs_intermediate
dcs_param	23	collect	dcs_intermediate
dcs_param	24	collect	dcs_intermediate
dcs_param	25	collect	dcs_intermediate
dcs_param	26	collect	dcs_intermediate
dcs_param	27	collect	dcs_intermediate
dcs_param	28	collect	dcs_intermediate
dcs_param	29	collect	dcs_intermediate
dcs_param	2A	collect	dcs_intermediate
dcs_param	2B	collect	dcs_intermediate
dcs_param	2C	collect	dcs_intermediate
dcs_param	2D	collect	dcs_intermediate
dcs_param	2E	collect	dcs_intermediate
dcs_param	2F	collect	dcs_intermediate
dcs_param	30	param	.
dcs_param	31	param	.
dcs_param	32	param	.
dcs_param	33	param	.
dcs_param	34	param	.
dcs_param	35	param	.
dcs_param	36	param	.
dcs_param	37	param	.
dcs_param	38	param	.
dcs_param	39	param	.
dcs_param	3A	-	dcs_ignore
dcs_param	3B	param	.
dcs_param	3C	-	dcs_ignore
dcs_param	3D	-	dcs_ignore
dcs_param	3E	-	dcs_ignore
dcs_param	3F	-	dcs_ignore
dcs_param	40	hook	dcs_passthrough
dcs_param	41	hook	dcs_passthrough
dcs_param	42	hook	dcs_passthrough
dcs_param	43	hook	dcs_passthrough
dcs_param	44	hook	dcs_passthrough
dcs_param	45	hook	dcs_passthrough
dcs_param	46	hook	dcs_passthrough
dcs_param	47	hook	dcs_passthrough
dcs_param	48	hook	dcs_passthrough
dcs_param	49	hook	dcs_passthrough
dcs_param	4A	hook	dcs_passthrough
dcs_param	4B	hook	dcs_passthrough
dcs_param	4C	hook	dcs_passthrough
dcs_param	4D	hook	dcs_passthrough
dcs_param	4E	hook	dcs_passthrough
dcs_param	4F	hook	dcs_passthrough
dcs_param	50	hook	dcs_passthrough
dcs_param	51	hook	dcs_passthrough
dcs_param	52	hook	dcs_passthrough
dcs_param	53	hook	dcs_passthrough
dcs_param	54	hook	dcs_passthrough
dcs_param	55	hook	dcs_passthrough
dcs_param	56	hook	dcs_passthrough
dcs_param	57	hook	dcs_passthrough
dcs_param	58	hook	dcs_passthrough
dcs_param	59	hook	dcs_passthrough
dcs_param	5A	hook	dcs_passthrough
dcs_param	5B	hook	dcs_passthrough
dcs_param	5C	hook	dcs_passthrough
dcs_param	5D	hook	dcs_passthrough
dcs_param	5E	hook	dcs_passthrough
dcs_param	5F	hook	dcs_passthrough
dcs_param	60	hook	dcs_passthrough
dcs_param	61	hook	dcs_passthrough
dcs_param	62	hook	dcs_passthrough
dcs_param	63	hook	dcs_passthrough
dcs_param	64	hook	dcs_passthrough
dcs_param	65	hook	dcs_passthrough
dcs_param	66	hook	dcs_passthrough
dcs_param	67	hook	dcs_passthrough
dcs_param	68	hook	dcs_passthrough
dcs_param	69	hook	dcs_passthrough
dcs_param	6A	hook	dcs_passthrough
dcs_param	6B	hook	dcs_passthrough
dcs_param	6C	hook	dcs_passthrough
dcs_param	6D	hook	dcs_passthrough
dcs_param	6E	hook	dcs_passthrough
dcs_param	6F	hook	dcs_passthrough
dcs_param	70	hook	dcs_passthrough
dcs_param	71	hook	dcs_passthrough
dcs_param	72	hook	dcs_passthrough
dcs_param	73	hook	dcs_passthrough
dcs_param	74	hook	dcs_passthrough
dcs_param	75	hook	dcs_passthrough
dcs_param	76	hook	dcs_passthrough
dcs_param	77	hook	dcs_passthrough
dcs_param	78	hook	dcs_passthrough
dcs_param	79	hook	dcs_passthrough
dcs_param	7A	hook	dcs_passthrough
dcs_param	7B	hook	dcs_passthrough
dcs_param	7C	hook	dcs_passthrough
dcs_param	7D	hook	dcs_passthrough
dcs_param	7E	hook	dcs_passthrough
dcs_param	7F	ignore	.
dcs_param	80	execute	ground
dcs_param	81	execute	ground
dcs_param	82	execute	ground
dcs_param	83	execute	ground
dcs_param	84	execute	ground
dcs_param	85	execute	ground
dcs_param	86	execute	ground
dcs_param	87	execute	ground
dcs_param	88	execute	ground
dcs_param	89	execute	ground
dcs_param	8A	execute	ground
dcs_param	8B	execute	ground
dcs_param	8C	execute	ground
dcs_param	8D	execute	ground
dcs_param	8E	execute	ground
dcs_param	8F	execute	ground
dcs_param	90	clear	dcs_entry
dcs_param	91	execute	ground
dcs_param	92	execute	ground
dcs_param	93	execute	ground
dcs_param	94	execute	ground
dcs_param	95	execute	ground
dcs_param	96	execute	ground
dcs_param	97	execute	ground
dcs_param	98	-	sos_pm_apc_string
dcs_param	99	execute	ground
dcs_param	9A	execute	ground
dcs_param	9B	clear	csi_entry
dcs_param	9C	-	ground
dcs_param	9D	osc_start	osc_string
dcs_param	9E	-	sos_pm_apc_string
dcs_param	9F	-	sos_pm_apc_string
dcs_param	A0	collect	dcs_intermediate
dcs_param	A1	collect	dcs_intermediate
dcs_param	A2	collect	dcs_intermediate
dcs_param	A3	collect	dcs_intermediate
dcs_param	A4	collect	dcs_intermediate
dcs_param	A5	collect	dcs_intermediate
dcs_param	A6	collect	dcs_intermediate
dcs_param	A7	collect	dcs_intermediate
dcs_param	A8	collect	dcs_intermediate
dcs_param	A9	collect	dcs_intermediate
dcs_param	AA	collect	dcs_intermediate
dcs_param	AB	collect	dcs_intermediate
dcs_param	AC	collect	dcs_intermediate
dcs_param	AD	collect	dcs_intermediate
dcs_param	AE	collect	dcs_intermediate
dcs_param	AF	collect	dcs_intermediate
dcs_param	B0	param	.
dcs_param	B1	param	.
dcs_param	B2	param	.
dcs_param	B3	param	.
dcs_param	B4	param	.
dcs_param	B5	param	.
dcs_param	B6	param	.
dcs_param	B7	param	.
dcs_param	B8	param	.
dcs_param	B9	param	.
dcs_param	BA	-	dcs_ignore
dcs_param	BB	param	.
dcs_param	BC	-	dcs_ignore
dcs_param	BD	-	dcs_ignore
dcs_param	BE	-	dcs_ignore
dcs_param	BF	-	dcs_ignore
dcs_param	C0	hook	dcs_passthrough
dcs_param	C1	hook	dcs_passthrough
dcs_param	C2	hook	dcs_passthrough
dcs_param	C3	hook	dcs_passthrough
dcs_param	C4	hook	dcs_passthrough
dcs_param	C5	hook	dcs_passthrough
dcs_param	C6	hook	dcs_passthrough
dcs_param	C7	hook	dcs_passthrough
dcs_param	C8	hook	dcs_passthrough
dcs_param	C9	hook	dcs_passthrough
dcs_param	CA	hook	dcs_passthrough
dcs_param	CB	hook	dcs_passthrough
dcs_param	CC	hook	dcs_passthrough
dcs_param	CD	hook	dcs_passthrough
dcs_param	CE	hook	dcs_passthrough
dcs_param	CF	hook	dcs_passthrough
dcs_param	D0	hook	dcs_passthrough
dcs_param	D1	hook	dcs_passthrough
dcs_param	D2	hook	dcs_passthrough
dcs_param	D3	hook	dcs_passthrough
dcs_param	D4	hook	dcs_passthrough
dcs_param	D5	hook	dcs_passthrough
dcs_param	D6	hook	dcs_passthrough
dcs_param	D7	hook	dcs_passthrough
dcs_param	D8	hook	dcs_passthrough
dcs_param	D9	hook	dcs_passthrough
dcs_param	DA	hook	dcs_passthrough
dcs_param	DB	hook	dcs_passthrough
dcs_param	DC	hook	dcs_passthrough
dcs_param	DD	hook	dcs_passthrough
dcs_param	DE	hook	dcs_passthrough
dcs_param	DF	hook	dcs_passthrough
dcs_param	E0	hook	dcs_passthrough
dcs_param	E1	hook	dcs_passthrough
dcs_param	E2	hook	dcs_passthrough
dcs_param	E3	hook	dcs_passthrough
dcs_param	E4	hook	dcs_passthrough
dcs_param	E5	hook	dcs_passthrough
dcs_param	E6	hook	dcs_passthrough
dcs_param	E7	hook	dcs_passthrough
dcs_param	E8	hook	dcs_passthrough
dcs_param	E9	hook	dcs_passthrough
dcs_param	EA	hook	dcs_passthrough
dcs_param	EB	hook	dcs_passthrough
dcs_param	EC	hook	dcs_passthrough
dcs_param	ED	hook	dcs_passthrough
dcs_param	EE	hook	dcs_passthrough
dcs_param	EF	hook	dcs_passthrough
dcs_param	F0	hook	dcs_passthrough
dcs_param	F1	hook	dcs_passthrough
dcs_param	F2	hook	dcs_passthrough
dcs_param	F3	hook	dcs_passthrough
dcs_param	F4	hook	dcs_passthrough
dcs_param	F5	hook	dcs_passthrough
dcs_param	F6	hook	dcs_passthrough
dcs_param	F7	hook	dcs_passthrough
dcs_param	F8	hook	dcs_passthrough
dcs_param	F9	hook	dcs_passthrough
dcs_param	FA	hook	dcs_passthrough
dcs_param	FB	hook	dcs_passthrough
dcs_param	FC	hook	dcs_passthrough
dcs_param	FD	hook	dcs_passthrough
dcs_param	FE	hook	dcs_passthrough
dcs_param	FF	ignore	.
dcs_intermediate	00	ignore	.
dcs_intermediate	01	ignore	.
dcs_intermediate	02	ignore	.
dcs_intermediate	03	ignore	.
dcs_intermediate	04	ignore	.
dcs_intermediate	05	ignore	.
dcs_intermediate	06	ignore	.
dcs_intermediate	07	ignore	.
dcs_intermediate	08	ignore	.
dcs_intermediate	09	ignore	.
dcs_intermediate	0A	ignore	.
dcs_intermediate	0B	ignore	.
dcs_intermediate	0C	ignore	.
dcs_intermediate	0D	ignore	.
dcs_intermediate	0E	ignore	.
dcs_intermediate	0F	ignore	.
dcs_intermediate	10	ignore	.
dcs_intermediate	11	ignore	.
dcs_intermediate	12	ignore	.
dcs_intermediate	13	ignore	.
dcs_intermediate	14	ignore	.
dcs_intermediate	15	ignore	.
dcs_intermediate	16	ignore	.
dcs_intermediate	17	ignore	.
dcs_intermediate	18	execute	ground
dcs_intermediate	19	ignore	.
dcs_intermediate	1A	execute	ground
dcs_intermediate	1B	clear	escape
dcs_intermediate	1C	ignore	.
dcs_intermediate	1D	ignore	.
dcs_intermediate	1E	ignore	.
dcs_intermediate	1F	ignore	.
dcs_intermediate	20	collect	.
dcs_intermediate	21	collect	.
dcs_intermediate	22	collect	.
dcs_intermediate	23	collect	.
dcs_intermediate	24	collect	.
dcs_intermediate	25	collect	.
dcs_intermediate	26	collect	.
dcs_intermediate	27	collect	.
dcs_intermediate	28	collect	.
dcs_intermediate	29	collect	.
dcs_intermediate	2A	collect	.
dcs_intermediate	2B	collect	.
dcs_intermediate	2C	collect	.
dcs_intermediate	2D	collect	.
dcs_intermediate	2E	collect	.
dcs_intermediate	2F	collect	.
dcs_intermediate	30	-	dcs_ignore
dcs_intermediate	31	-	dcs_ignore
dcs_intermediate	32	-	dcs_ignore
dcs_intermediate	33	-	dcs_ignore
dcs_intermediate	34	-	dcs_ignore
dcs_intermediate	35	-	dcs_ignore
dcs_intermediate	36	-	dcs_ignore
dcs_intermediate	37	-	dcs_ignore
dcs_intermediate	38	-	dcs_ignore
dcs_intermediate	39	-	dcs_ignore
dcs_intermediate	3A	-	dcs_ignore
dcs_intermediate	3B	-	dcs_ignore
dcs_intermediate	3C	-	dcs_ignore
dcs_intermediate	3D	-	dcs_ignore
dcs_intermediate	3E	-	dcs_ignore
dcs_intermediate	3F	-	dcs_ignore
dcs_intermediate	40	hook	dcs_passthrough
dcs_intermediate	41	hook	dcs_passthrough
dcs_intermediate	42	hook	dcs_passthrough
dcs_intermediate	43	hook	dcs_passthrough
dcs_intermediate	44	hook	dcs_passthrough
dcs_intermediate	45	hook	dcs_passthrough
dcs_intermediate	46	hook	dcs_passthrough
dcs_intermediate	47	hook	dcs_passthrough
dcs_intermediate	48	hook	dcs_passthrough
dcs_intermediate	49	hook	dcs_passthrough
dcs_intermediate	4A	hook	dcs_passthrough
dcs_intermediate	4B	hook	dcs_passthrough
dcs_intermediate	4C	hook	dcs_passthrough
dcs_intermediate	4D	hook	dcs_passthrough
dcs_intermediate	4E	hook	dcs_passthrough
dcs_intermediate	4F	hook	dcs_passthrough
dcs_intermediate	50	hook	dcs_passthrough
dcs_intermediate	51	hook	dcs_passthrough
dcs_intermediate	52	hook	dcs_passthrough
dcs_intermediate	53	hook	dcs_passthrough
dcs_intermediate	54	hook	dcs_passthrough
dcs_intermediate	55	hook	dcs_passthrough
dcs_intermediate	56	hook	dcs_passthrough
dcs_intermediate	57	hook	dcs_passthrough
dcs_intermediate	58	hook	dcs_passthrough
dcs_intermediate	59	hook	dcs_passthrough
dcs_intermediate	5A	hook	dcs_passthrough
dcs_intermediate	5B	hook	dcs_passthrough
dcs_intermediate	5C	hook	dcs_passthrough
dcs_intermediate	5D	hook	dcs_passthrough
dcs_intermediate	5E	hook	dcs_passthrough
dcs_intermediate	5F	hook	dcs_passthrough
dcs_intermediate	60	hook	dcs_passthrough
dcs_intermediate	61	hook	dcs_passthrough
dcs_intermediate	62	hook	dcs_passthrough
dcs_intermediate	63	hook	dcs_passthrough
dcs_intermediate	64	hook	dcs_passthrough
dcs_intermediate	65	hook	dcs_passthrough
dcs_intermediate	66	hook	dcs_passthrough
dcs_intermediate	67	hook	dcs_passthrough
dcs_intermediate	68	hook	dcs_passthrough
dcs_intermediate	69	hook	dcs_passthrough
dcs_intermediate	6A	hook	dcs_passthrough
dcs_intermediate	6B	hook	dcs_passthrough
dcs_intermediate	6C	hook	dcs_passthrough
dcs_intermediate	6D	hook	dcs_passthrough
dcs_intermediate	6E	hook	dcs_passthrough
dcs_intermediate	6F	hook	dcs_passthrough
dcs_intermediate	70	hook	dcs_passthrough
dcs_intermediate	71	hook	dcs_passthrough
dcs_intermediate	72	hook	dcs_passthrough
dcs_intermediate	73	hook	dcs_passthrough
dcs_intermediate	74	hook	dcs_passthrough
dcs_intermediate	75	hook	dcs_passthrough
dcs_intermediate	76	hook	dcs_passthrough
dcs_intermediate	77	hook	dcs_passthrough
dcs_intermediate	78	hook	dcs_passthrough
dcs_intermediate	79	hook	dcs_passthrough
dcs_intermediate	7A	hook	dcs_passthrough
dcs_intermediate	7B	hook	dcs_passthrough
dcs_intermediate	7C	hook	dcs_passthrough
dcs_intermediate	7D	hook	dcs_passthrough
dcs_intermediate	7E	hook	dcs_passthrough
dcs_intermediate	7F	ignore	.
dcs_intermediate	80	execute	ground
dcs_intermediate	81	execute	ground
dcs_intermediate	82	execute	ground
dcs_intermediate	83	execute	ground
dcs_intermediate	84	execute	ground
dcs_intermediate	85	execute	ground
dcs_intermediate	86	execute	ground
dcs_intermediate	87	execute	ground
dcs_intermediate	88	execute	ground
dcs_intermediate	89	execute	ground
dcs_intermediate	8A	execute	ground
dcs_intermediate	8B	execute	ground
dcs_intermediate	8C	execute	ground
dcs_intermediate	8D	execute	ground
dcs_intermediate	8E	execute	ground
dcs_intermediate	8F	execute	ground
dcs_intermediate	90	clear	dcs_entry
dcs_intermediate	91	execute	ground
dcs_intermediate	92	execute	ground
dcs_intermediate	93	execute	ground
dcs_intermediate	94	execute	ground
dcs_intermediate	95	execute	ground
dcs_intermediate	96	execute	ground
dcs_intermediate	97	execute	ground
dcs_intermediate	98	-	sos_pm_apc_string
dcs_intermediate	99	execute	ground
dcs_intermediate	9A	execute	ground
dcs_intermediate	9B	clear	csi_entry
dcs_intermediate	9C	-	ground
dcs_intermediate	9D	osc_start	osc_string
dcs_intermediate	9E	-	sos_pm_apc_string
dcs_intermediate	9F	-	sos_pm_apc_string
dcs_intermediate	A0	collect	.
dcs_intermediate	A1	collect	.
dcs_intermediate	A2	collect	.
dcs_intermediate	A3	collect	.
dcs_intermediate	A4	collect	.
dcs_intermediate	A5	collect	.
dcs_intermediate	A6	collect	.
dcs_intermediate	A7	collect	.
dcs_intermediate	A8	collect	.
dcs_intermediate	A9	collect	.
dcs_intermediate	AA	collect	.
dcs_intermediate	AB	collect	.
dcs_intermediate	AC	collect	.
dcs_intermediate	AD	collect	.
dcs_intermediate	AE	collect	.
dcs_intermediate	AF	collect	.
dcs_intermediate	B0	-	dcs_ignore
dcs_intermediate	B1	-	dcs_ignore
dcs_intermediate	B2	-	dcs_ignore
dcs_intermediate	B3	-	dcs_ignore
dcs_intermediate	B4	-	dcs_ignore
dcs_intermediate	B5	-	dcs_ignore
dcs_intermediate	B6	-	dcs_ignore
dcs_intermediate	B7	-	dcs_ignore
dcs_intermediate	B8	-	dcs_ignore
dcs_intermediate	B9	-	dcs_ignore
dcs_intermediate	BA	-	dcs_ignore
dcs_intermediate	BB	-	dcs_ignore
dcs_intermediate	BC	-	dcs_ignore
dcs_intermediate	BD	-	dcs_ignore
dcs_intermediate	BE	-	dcs_ignore
dcs_intermediate	BF	-	dcs_ignore
dcs_intermediate	C0	hook	dcs_passthrough
dcs_intermediate	C1	hook	dcs_passthrough
dcs_intermediate	C2	hook	dcs_passthrough
dcs_intermediate	C3	hook	dcs_passthrough
dcs_intermediate	C4	hook	dcs_passthrough
dcs_intermediate	C5	hook	dcs_passthrough
dcs_intermediate	C6	hook	dcs_passthrough
dcs_intermediate	C7	hook	dcs_passthrough
dcs_intermediate	C8	hook	dcs_passthrough
dcs_intermediate	C9	hook	dcs_passthrough
dcs_intermediate	CA	hook	dcs_passthrough
dcs_intermediate	CB	hook	dcs_passthrough
dcs_intermediate	CC	hook	dcs_passthrough
dcs_intermediate	CD	hook	dcs_passthrough
dcs_intermediate	CE	hook	dcs_passthrough
dcs_intermediate	CF	hook	dcs_passthrough
dcs_intermediate	D0	hook	dcs_passthrough
dcs_intermediate	D1	hook	dcs_passthrough
dcs_intermediate	D2	hook	dcs_passthrough
dcs_intermediate	D3	hook	dcs_passthrough
dcs_intermediate	D4	hook	dcs_passthrough
dcs_intermediate	D5	hook	dcs_passthrough
dcs_intermediate	D6	hook	dcs_passthrough
dcs_intermediate	D7	hook	dcs_passthrough
dcs_intermediate	D8	hook	dcs_passthrough
dcs_intermediate	D9	hook	dcs_passthrough
dcs_intermediate	DA	hook	dcs_passthrough
dcs_intermediate	DB	hook	dcs_passthrough
dcs_intermediate	DC	hook	dcs_passthrough
dcs_intermediate	DD	hook	dcs_passthrough
dcs_intermediate	DE	hook	dcs_passthrough
dcs_intermediate	DF	hook	dcs_passthrough
dcs_intermediate	E0	hook	dcs_passthrough
dcs_intermediate	E1	hook	dcs_passthrough
dcs_intermediate	E2	hook	dcs_passthrough
dcs_intermediate	E3	hook	dcs_passthrough
dcs_intermediate	E4	hook	dcs_passthrough
dcs_intermediate	E5	hook	dcs_passthrough
dcs_intermediate	E6	hook	dcs_passthrough
dcs_intermediate	E7	hook	dcs_passthrough
dcs_intermediate	E8	hook	dcs_passthrough
dcs_intermediate	E9	hook	dcs_passthrough
dcs_intermediate	EA	hook	dcs_passthrough
dcs_intermediate	EB	hook	dcs_passthrough
dcs_intermediate	EC	hook	dcs_passthrough
dcs_intermediate	ED	hook	dcs_passthrough
dcs_intermediate	EE	hook	dcs_passthrough
dcs_intermediate	EF	hook	dcs_passthrough
dcs_intermediate	F0	hook	dcs_passthrough
dcs_intermediate	F1	hook	dcs_passthrough
dcs_intermediate	F2	hook	dcs_passthrough
dcs_intermediate	F3	hook	dcs_passthrough
dcs_intermediate	F4	hook	dcs_passthrough
dcs_intermediate	F5	hook	dcs_passthrough
dcs_intermediate	F6	hook	dcs_passthrough
dcs_intermediate	F7	hook	dcs_passthrough
dcs_intermediate	F8	hook	dcs_passthrough
dcs_intermediate	F9	hook	dcs_passthrough
dcs_intermediate	FA	hook	dcs_passthrough
dcs_intermediate	FB	hook	dcs_passthrough
dcs_intermediate	FC	hook	dcs_passthrough
dcs_intermediate	FD	hook	dcs_passthrough
dcs_intermediate	FE	hook	dcs_passthrough
dcs_intermediate	FF	ignore	.
dcs_passthrough	00	put	.
dcs_passthrough	01	put	.
dcs_passthrough	02	put	.
dcs_passthrough	03	put	.
dcs_passthrough	04	put	.
dcs_passthrough	05	put	.
dcs_passthrough	06	put	.
dcs_passthrough	07	put	.
dcs_passthrough	08	put	.
dcs_passthrough	09	put	.
dcs_passthrough	0A	put	.
dcs_passthrough	0B	put	.
dcs_passthrough	0C	put	.
dcs_passthrough	0D	put	.
dcs_passthrough	0E	put	.
dcs_passthrough	0F	put	.
dcs_passthrough	10	put	.
dcs_passthrough	11	put	.
dcs_passthrough	12	put	.
dcs_passthrough	13	put	.
dcs_passthrough	14	put	.
dcs_passthrough	15	put	.
dcs_passthrough	16	put	.
dcs_passthrough	17	put	.
dcs_passthrough	18	unhook+execute	ground
dcs_passthrough	19	put	.
dcs_passthrough	1A	unhook+execute	ground
dcs_passthrough	1B	unhook+clear	escape
dcs_passthrough	1C	put	.
dcs_passthrough	1D	put	.
dcs_passthrough	1E	put	.
dcs_passthrough	1F	put	.
dcs_passthrough	20	put	.
dcs_passthrough	21	put	.
dcs_passthrough	22	put	.
dcs_passthrough	23	put	.
dcs_passthrough	24	put	.
dcs_passthrough	25	put	.
dcs_passthrough	26	put	.
dcs_passthrough	27	put	.
dcs_passthrough	28	put	.
dcs_passthrough	29	put	.
dcs_passthrough	2A	put	.
dcs_passthrough	2B	put	.
dcs_passthrough	2C	put	.
dcs_passthrough	2D	put	.
dcs_passthrough	2E	put	.
dcs_passthrough	2F	put	.
dcs_passthrough	30	put	.
dcs_passthrough	31	put	.
dcs_passthrough	32	put	.
dcs_passthrough	33	put	.
dcs_passthrough	34	put	.
dcs_passthrough	35	put	.
dcs_passthrough	36	put	.
dcs_passthrough	37	put	.
dcs_passthrough	38	put	.
dcs_passthrough	39	put	.
dcs_passthrough	3A	put	.
dcs_passthrough	3B	put	.
dcs_passthrough	3C	put	.
dcs_passthrough	3D	put	.
dcs_passthrough	3E	put	.
dcs_passthrough	3F	put	.
dcs_passthrough	40	put	.
dcs_passthrough	41	put	.
dcs_passthrough	42	put	.
dcs_passthrough	43	put	.
dcs_passthrough	44	put	.
dcs_passthrough	45	put	.
dcs_passthrough	46	put	.
dcs_passthrough	47	put	.
dcs_passthrough	48	put	.
dcs_passthrough	49	put	.
dcs_passthrough	4A	put	.
dcs_passthrough	4B	put	.
dcs_passthrough	4C	put	.
dcs_passthrough	4D	put	.
dcs_passthrough	4E	put	.
dcs_passthrough	4F	put	.
dcs_passthrough	50	put	.
dcs_passthrough	51	put	.
dcs_passthrough	52	put	.
dcs_passthrough	53	put	.
dcs_passthrough	54	put	.
dcs_passthrough	55	put	.
dcs_passthrough	56	put	.
dcs_passthrough	57	put	.
dcs_passthrough	58	put	.
dcs_passthrough	59	put	.
dcs_passthrough	5A	put	.
dcs_passthrough	5B	put	.
dcs_passthrough	5C	put	.
dcs_passthrough	5D	put	.
dcs_passthrough	5E	put	.
dcs_passthrough	5F	put	.
dcs_passthrough	60	put	.
dcs_passthrough	61	put	.
dcs_passthrough	62	put	.
dcs_passthrough	63	put	.
dcs_passthrough	64	put	.
dcs_passthrough	65	put	.
dcs_passthrough	66	put	.
dcs_passthrough	67	put	.
dcs_passthrough	68	put	.
dcs_passthrough	69	put	.
dcs_passthrough	6A	put	.
dcs_passthrough	6B	put	.
dcs_passthrough	6C	put	.
dcs_passthrough	6D	put	.
dcs_passthrough	6E	put	.
dcs_passthrough	6F	put	.
dcs_passthrough	70	put	.
dcs_passthrough	71	put	.
dcs_passthrough	72	put	.
dcs_passthrough	73	put	.
dcs_passthrough	74	put	.
dcs_passthrough	75	put	.
dcs_passthrough	76	put	.
dcs_passthrough	77	put	.
dcs_passthrough	78	put	.
dcs_passthrough	79	put	.
dcs_passthrough	7A	put	.
dcs_passthrough	7B	put	.
dcs_passthrough	7C	put	.
dcs_passthrough	7D	put	.
dcs_passthrough	7E	put	.
dcs_passthrough	7F	ignore	.
dcs_passthrough	80	unhook+execute	ground
dcs_passthrough	81	unhook+execute	ground
dcs_passthrough	82	unhook+execute	ground
dcs_passthrough	83	unhook+execute	ground
dcs_passthrough	84	unhook+execute	ground
dcs_passthrough	85	unhook+execute	ground
dcs_passthrough	86	unhook+execute	ground
dcs_passthrough	87	unhook+execute	ground
dcs_passthrough	88	unhook+execute	ground
dcs_passthrough	89	unhook+execute	ground
dcs_passthrough	8A	unhook+execute	ground
dcs_passthrough	8B	unhook+execute	ground
dcs_passthrough	8C	unhook+execute	ground
dcs_passthrough	8D	unhook+execute	ground
dcs_passthrough	8E	unhook+execute	ground
dcs_passthrough	8F	unhook+execute	ground
dcs_passthrough	90	unhook+clear	dcs_entry
dcs_passthrough	91	unhook+execute	ground
dcs_passthrough	92	unhook+execute	ground
dcs_passthrough	93	unhook+execute	ground
dcs_passthrough	94	unhook+execute	ground
dcs_passthrough	95	unhook+execute	ground
dcs_passthrough	96	unhook+execute	ground
dcs_passthrough	97	unhook+execute	ground
dcs_passthrough	98	unhook	sos_pm_apc_string
dcs_passthrough	99	unhook+execute	ground
dcs_passthrough	9A	unhook+execute	ground
dcs_passthrough	9B	unhook+clear	csi_entry
dcs_passthrough	9C	unhook	ground
dcs_passthrough	9D	unhook+osc_start	osc_string
dcs_passthrough	9E	unhook	sos_pm_apc_string
dcs_passthrough	9F	unhook	sos_pm_apc_string
dcs_passthrough	A0	put	.
dcs_passthrough	A1	put	.
dcs_passthrough	A2	put	.
dcs_passthrough	A3	put	.
dcs_passthrough	A4	put	.
dcs_passthrough	A5	put	.
dcs_passthrough	A6	put	.
dcs_passthrough	A7	put	.
dcs_passthrough	A8	put	.
dcs_passthrough	A9	put	.
dcs_passthrough	AA	put	.
dcs_passthrough	AB	put	.
dcs_passthrough	AC	put	.
dcs_passthrough	AD	put	.
dcs_passthrough	AE	put	.
dcs_passthrough	AF	put	.
dcs_passthrough	B0	put	.
dcs_passthrough	B1	put	.
dcs_passthrough	B2	put	.
dcs_passthrough	B3	put	.
dcs_passthrough	B4	put	.
dcs_passthrough	B5	put	.
dcs_passthrough	B6	put	.
dcs_passthrough	B7	put	.
dcs_passthrough	B8	put	.
dcs_passthrough	B9	put	.
dcs_passthrough	BA	put	.
dcs_passthrough	BB	put	.
dcs_passthrough	BC	put	.
dcs_passthrough	BD	put	.
dcs_passthrough	BE	put	.
dcs_passthrough	BF	put	.
dcs_passthrough	C0	put	.
dcs_passthrough	C1	put	.
dcs_passthrough	C2	put	.
dcs_passthrough	C3	put	.
dcs_passthrough	C4	put	.
dcs_passthrough	C5	put	.
dcs_passthrough	C6	put	.
dcs_passthrough	C7	put	.
dcs_passthrough	C8	put	.
dcs_passthrough	C9	put	.
dcs_passthrough	CA	put	.
dcs_passthrough	CB	put	.
dcs_passthrough	CC	put	.
dcs_passthrough	CD	put	.
dcs_passthrough	CE	put	.
dcs_passthrough	CF	put	.
dcs_passthrough	D0	put	.
dcs_passthrough	D1	put	.
dcs_passthrough	D2	put	.
dcs_passthrough	D3	put	.
dcs_passthrough	D4	put	.
dcs_passthrough	D5	put	.
dcs_passthrough	D6	put	.
dcs_passthrough	D7	put	.
dcs_passthrough	D8	put	.
dcs_passthrough	D9	put	.
dcs_passthrough	DA	put	.
dcs_passthrough	DB	put	.
dcs_passthrough	DC	put	.
dcs_passthrough	DD	put	.
dcs_passthrough	DE	put	.
dcs_passthrough	DF	put	.
dcs_passthrough	E0	put	.
dcs_passthrough	E1	put	.
dcs_passthrough	E2	put	.
dcs_passthrough	E3	put	.
dcs_passthrough	E4	put	.
dcs_passthrough	E5	put	.
dcs_passthrough	E6	put	.
dcs_passthrough	E7	put	.
dcs_passthrough	E8	put	.
dcs_passthrough	E9	put	.
dcs_passthrough	EA	put	.
dcs_passthrough	EB	put	.
dcs_passthrough	EC	put	.
dcs_passthrough	ED	put	.
dcs_passthrough	EE	put	.
dcs_passthrough	EF	put	.
dcs_passthrough	F0	put	.
dcs_passthrough	F1	put	.
dcs_passthrough	F2	put	.
dcs_passthrough	F3	put	.
dcs_passthrough	F4	put	.
dcs_passthrough	F5	put	.
dcs_passthrough	F6	put	.
dcs_passthrough	F7	put	.
dcs_passthrough	F8	put	.
dcs_passthrough	F9	put	.
dcs_passthrough	FA	put	.
dcs_passthrough	FB	put	.
dcs_passthrough	FC	put	.
dcs_passthrough	FD	put	.
dcs_passthrough	FE	put	.
dcs_passthrough	FF	ignore	.
dcs_ignore	00	ignore	.
dcs_ignore	01	ignore	.
dcs_ignore	02	ignore	.
dcs_ignore	03	ignore	.
dcs_ignore	04	ignore	.
dcs_ignore	05	ignore	.
dcs_ignore	06	ignore	.
dcs_ignore	07	ignore	.
dcs_ignore	08	ignore	.
dcs_ignore	09	ignore	.
dcs_ignore	0A	ignore	.
dcs_ignore	0B	ignore	.
dcs_ignore	0C	ignore	.
dcs_ignore	0D	ignore	.
dcs_ignore	0E	ignore	.
dcs_ignore	0F	ignore	.
dcs_ignore	10	ignore	.
dcs_ignore	11	ignore	.
dcs_ignore	12	ignore	.
dcs_ignore	13	ignore	.
dcs_ignore	14	ignore	.
dcs_ignore	15	ignore	.
dcs_ignore	16	ignore	.
dcs_ignore	17	ignore	.
dcs_ignore	18	execute	ground
dcs_ignore	19	ignore	.
dcs_ignore	1A	execute	ground
dcs_ignore	1B	clear	escape
dcs_ignore	1C	ignore	.
dcs_ignore	1D	ignore	.
dcs_ignore	1E	ignore	.
dcs_ignore	1F	ignore	.
dcs_ignore	20	ignore	.
dcs_ignore	21	ignore	.
dcs_ignore	22	ignore	.
dcs_ignore	23	ignore	.
dcs_ignore	24	ignore	.
dcs_ignore	25	ignore	.
dcs_ignore	26	ignore	.
dcs_ignore	27	ignore	.
dcs_ignore	28	ignore	.
dcs_ignore	29	ignore	.
dcs_ignore	2A	ignore	.
dcs_ignore	2B	ignore	.
dcs_ignore	2C	ignore	.
dcs_ignore	2D	ignore	.
dcs_ignore	2E	ignore	.
dcs_ignore	2F	ignore	.
dcs_ignore	30	ignore	.
dcs_ignore	31	ignore	.
dcs_ignore	32	ignore	.
dcs_ignore	33	ignore	.
dcs_ignore	34	ignore	.
dcs_ignore	35	ignore	.
dcs_ignore	36	ignore	.
dcs_ignore	37	ignore	.
dcs_ignore	38	ignore	.
dcs_ignore	39	ignore	.
dcs_ignore	3A	ignore	.
dcs_ignore	3B	ignore	.
dcs_ignore	3C	ignore	.
dcs_ignore	3D	ignore	.
dcs_ignore	3E	ignore	.
dcs_ignore	3F	ignore	.
dcs_ignore	40	ignore	.
dcs_ignore	41	ignore	.
dcs_ignore	42	ignore	.
dcs_ignore	43	ignore	.
dcs_ignore	44	ignore	.
dcs_ignore	45	ignore	.
dcs_ignore	46	ignore	.
dcs_ignore	47	ignore	.
dcs_ignore	48	ignore	.
dcs_ignore	49	ignore	.
dcs_ignore	4A	ignore	.
dcs_ignore	4B	ignore	.
dcs_ignore	4C	ignore	.
dcs_ignore	4D	ignore	.
dcs_ignore	4E	ignore	.
dcs_ignore	4F	ignore	.
dcs_ignore	50	ignore	.
dcs_ignore	51	ignore	.
dcs_ignore	52	ignore	.
dcs_ignore	53	ignore	.
dcs_ignore	54	ignore	.
dcs_ignore	55	ignore	.
dcs_ignore	56	ignore	.
dcs_ignore	57	ignore	.
dcs_ignore	58	ignore	.
dcs_ignore	59	ignore	.
dcs_ignore	5A	ignore	.
dcs_ignore	5B	ignore	.
dcs_ignore	5C	ignore	.
dcs_ignore	5D	ignore	.
dcs_ignore	5E	ignore	.
dcs_ignore	5F	ignore	.
dcs_ignore	60	ignore	.
dcs_ignore	61	ignore	.
dcs_ignore	62	ignore	.
dcs_ignore	63	ignore	.
dcs_ignore	64	ignore	.
dcs_ignore	65	ignore	.
dcs_ignore	66	ignore	.
dcs_ignore	67	ignore	.
dcs_ignore	68	ignore	.
dcs_ignore	69	ignore	.
dcs_ignore	6A	ignore	.
dcs_ignore	6B	ignore	.
dcs_ignore	6C	ignore	.
dcs_ignore	6D	ignore	.
dcs_ignore	6E	ignore	.
dcs_ignore	6F	ignore	.
dcs_ignore	70	ignore	.
dcs_ignore	71	ignore	.
dcs_ignore	72	ignore	.
dcs_ignore	73	ignore	.
dcs_ignore	74	ignore	.
dcs_ignore	75	ignore	.
dcs_ignore	76	ignore	.
dcs_ignore	77	ignore	.
dcs_ignore	78	ignore	.
dcs_ignore	79	ignore	.
dcs_ignore	7A	ignore	.
dcs_ignore	7B	ignore	.
dcs_ignore	7C	ignore	.
dcs_ignore	7D	ignore	.
dcs_ignore	7E	ignore	.
dcs_ignore	7F	ignore	.
dcs_ignore	80	execute	ground
dcs_ignore	81	execute	ground
dcs_ignore	82	execute	ground
dcs_ignore	83	execute	ground
dcs_ignore	84	execute	ground
dcs_ignore	85	execute	ground
dcs_ignore	86	execute	ground
dcs_ignore	87	execute	ground
dcs_ignore	88	execute	ground
dcs_ignore	89	execute	ground
dcs_ignore	8A	execute	ground
dcs_ignore	8B	execute	ground
dcs_ignore	8C	execute	ground
dcs_ignore	8D	execute	ground
dcs_ignore	8E	execute	ground
dcs_ignore	8F	execute	ground
dcs_ignore	90	clear	dcs_entry
dcs_ignore	91	execute	ground
dcs_ignore	92	execute	ground
dcs_ignore	93	execute	ground
dcs_ignore	94	execute	ground
dcs_ignore	95	execute	ground
dcs_ignore	96	execute	ground
dcs_ignore	97	execute	ground
dcs_ignore	98	-	sos_pm_apc_string
dcs_ignore	99	execute	ground
dcs_ignore	9A	execute	ground
dcs_ignore	9B	clear	csi_entry
dcs_ignore	9C	-	ground
dcs_ignore	9D	osc_start	osc_string
dcs_ignore	9E	-	sos_pm_apc_string
dcs_ignore	9F	-	sos_pm_apc_string
dcs_ignore	A0	ignore	.
dcs_ignore	A1	ignore	.
dcs_ignore	A2	ignore	.
dcs_ignore	A3	ignore	.
dcs_ignore	A4	ignore	.
dcs_ignore	A5	ignore	.
dcs_ignore	A6	ignore	.
dcs_ignore	A7	ignore	.
dcs_ignore	A8	ignore	.
dcs_ignore	A9	ignore	.
dcs_ignore	AA	ignore	.
dcs_ignore	AB	ignore	.
dcs_ignore	AC	ignore	.
dcs_ignore	AD	ignore	.
dcs_ignore	AE	ignore	.
dcs_ignore	AF	ignore	.
dcs_ignore	B0	ignore	.
dcs_ignore	B1	ignore	.
dcs_ignore	B2	ignore	.
dcs_ignore	B3	ignore	.
dcs_ignore	B4	ignore	.
dcs_ignore	B5	ignore	.
dcs_ignore	B6	ignore	.
dcs_ignore	B7	ignore	.
dcs_ignore	B8	ignore	.
dcs_ignore	B9	ignore	.
dcs_ignore	BA	ignore	.
dcs_ignore	BB	ignore	.
dcs_ignore	BC	ignore	.
dcs_ignore	BD	ignore	.
dcs_ignore	BE	ignore	.
dcs_ignore	BF	ignore	.
dcs_ignore	C0	ignore	.
dcs_ignore	C1	ignore	.
dcs_ignore	C2	ignore	.
dcs_ignore	C3	ignore	.
dcs_ignore	C4	ignore	.
dcs_ignore	C5	ignore	.
dcs_ignore	C6	ignore	.
dcs_ignore	C7	ignore	.
dcs_ignore	C8	ignore	.
dcs_ignore	C9	ignore	.
dcs_ignore	CA	ignore	.
dcs_ignore	CB	ignore	.
dcs_ignore	CC	ignore	.
dcs_ignore	CD	ignore	.
dcs_ignore	CE	ignore	.
dcs_ignore	CF	ignore	.
dcs_ignore	D0	ignore	.
dcs_ignore	D1	ignore	.
dcs_ignore	D2	ignore	.
dcs_ignore	D3	ignore	.
dcs_ignore	D4	ignore	.
dcs_ignore	D5	ignore	.
dcs_ignore	D6	ignore	.
dcs_ignore	D7	ignore	.
dcs_ignore	D8	ignore	.
dcs_ignore	D9	ignore	.
dcs_ignore	DA	ignore	.
dcs_ignore	DB	ignore	.
dcs_ignore	DC	ignore	.
dcs_ignore	DD	ignore	.
dcs_ignore	DE	ignore	.
dcs_ignore	DF	ignore	.
dcs_ignore	E0	ignore	.
dcs_ignore	E1	ignore	.
dcs_ignore	E2	ignore	.
dcs_ignore	E3	ignore	.
dcs_ignore	E4	ignore	.
dcs_ignore	E5	ignore	.
dcs_ignore	E6	ignore	.
dcs_ignore	E7	ignore	.
dcs_ignore	E8	ignore	.
dcs_ignore	E9	ignore	.
dcs_ignore	EA	ignore	.
dcs_ignore	EB	ignore	.
dcs_ignore	EC	ignore	.
dcs_ignore	ED	ignore	.
dcs_ignore	EE	ignore	.
dcs_ignore	EF	ignore	.
dcs_ignore	F0	ignore	.
dcs_ignore	F1	ignore	.
dcs_ignore	F2	ignore	.
dcs_ignore	F3	ignore	.
dcs_ignore	F4	ignore	.
dcs_ignore	F5	ignore	.
dcs_ignore	F6	ignore	.
dcs_ignore	F7	ignore	.
dcs_ignore	F8	ignore	.
dcs_ignore	F9	ignore	.
dcs_ignore	FA	ignore	.
dcs_ignore	FB	ignore	.
dcs_ignore	FC	ignore	.
dcs_ignore	FD	ignore	.
dcs_ignore	FE	ignore	.
dcs_ignore	FF	ignore	.
osc_string	00	ignore	.
osc_string	01	ignore	.
osc_string	02	ignore	.
osc_string	03	ignore	.
osc_string	04	ignore	.
osc_string	05	ignore	.
osc_string	06	ignore	.
osc_string	07	ignore	.
osc_string	08	ignore	.
osc_string	09	ignore	.
osc_string	0A	ignore	.
osc_string	0B	ignore	.
osc_string	0C	ignore	.
osc_string	0D	ignore	.
osc_string	0E	ignore	.
osc_string	0F	ignore	.
osc_string	10	ignore	.
osc_string	11	ignore	.
osc_string	12	ignore	.
osc_string	13	ignore	.
osc_string	14	ignore	.
osc_string	15	ignore	.
osc_string	16	ignore	.
osc_string	17	ignore	.
osc_string	18	osc_end+execute	ground
osc_string	19	ignore	.
osc_string	1A	osc_end+execute	ground
osc_string	1B	osc_end+clear	escape
osc_string	1C	ignore	.
osc_string	1D	ignore	.
osc_string	1E	ignore	.
osc_string	1F	ignore	.
osc_string	20	osc_put	.
osc_string	21	osc_put	.
osc_string	22	osc_put	.
osc_string	23	osc_put	.
osc_string	24	osc_put	.
osc_string	25	osc_put	.
osc_string	26	osc_put	.
osc_string	27	osc_put	.
osc_string	28	osc_put	.
osc_string	29	osc_put	.
osc_string	2A	osc_put	.
osc_string	2B	osc_put	.
osc_string	2C	osc_put	.
osc_string	2D	osc_put	.
osc_string	2E	osc_put	.
osc_string	2F	osc_put	.
osc_string	30	osc_put	.
osc_string	31	osc_put	.
osc_string	32	osc_put	.
osc_string	33	osc_put	.
osc_string	34	osc_put	.
osc_string	35	osc_put	.
osc_string	36	osc_put	.
osc_string	37	osc_put	.
osc_string	38	osc_put	.
osc_string	39	osc_put	.
osc_string	3A	osc_put	.
osc_string	3B	osc_put	.
osc_string	3C	osc_put	.
osc_string	3D	osc_put	.
osc_string	3E	osc_put	.
osc_string	3F	osc_put	.
osc_string	40	osc_put	.
osc_string	41	osc_put	.
osc_string	42	osc_put	.
osc_string	43	osc_put	.
osc_string	44	osc_put	.
osc_string	45	osc_put	.
osc_string	46	osc_put	.
osc_string	47	osc_put	.
osc_string	48	osc_put	.
osc_string	49	osc_put	.
osc_string	4A	osc_put	.
osc_string	4B	osc_put	.
osc_string	4C	osc_put	.
osc_string	4D	osc_put	.
osc_string	4E	osc_put	.
osc_string	4F	osc_put	.
osc_string	50	osc_put	.
osc_string	51	osc_put	.
osc_string	52	osc_put	.
osc_string	53	osc_put	.
osc_string	54	osc_put	.
osc_string	55	osc_put	.
osc_string	56	osc_put	.
osc_string	57	osc_put	.
osc_string	58	osc_put	.
osc_string	59	osc_put	.
osc_string	5A	osc_put	.
osc_string	5B	osc_put	.
osc_string	5C	osc_put	.
osc_string	5D	osc_put	.
osc_string	5E	osc_put	.
osc_string	5F	osc_put	.
osc_string	60	osc_put	.
osc_string	61	osc_put	.
osc_string	62	osc_put	.
osc_string	63	osc_put	.
osc_string	64	osc_put	.
osc_string	65	osc_put	.
osc_string	66	osc_put	.
osc_string	67	osc_put	.
osc_string	68	osc_put	.
osc_string	69	osc_put	.
osc_string	6A	osc_put	.
osc_string	6B	osc_put	.
osc_string	6C	osc_put	.
osc_string	6D	osc_put	.
osc_string	6E	osc_put	.
osc_string	6F	osc_put	.
osc_string	70	osc_put	.
osc_string	71	osc_put	.
osc_string	72	osc_put	.
osc_string	73	osc_put	.
osc_string	74	osc_put	.
osc_string	75	osc_put	.
osc_string	76	osc_put	.
osc_string	77	osc_put	.
osc_string	78	osc_put	.
osc_string	79	osc_put	.
osc_string	7A	osc_put	.
osc_string	7B	osc_put	.
osc_string	7C	osc_put	.
osc_string	7D	osc_put	.
osc_string	7E	osc_put	.
osc_string	7F	osc_put	.
osc_string	80	osc_end+execute	ground
osc_string	81	osc_end+execute	ground
osc_string	82	osc_end+execute	ground
osc_string	83	osc_end+execute	ground
osc_string	84	osc_end+execute	ground
osc_string	85	osc_end+execute	ground
osc_string	86	osc_end+execute	ground
osc_string	87	osc_end+execute	ground
osc_string	88	osc_end+execute	ground
osc_string	89	osc_end+execute	ground
osc_string	8A	osc_end+execute	ground
osc_string	8B	osc_end+execute	ground
osc_string	8C	osc_end+execute	ground
osc_string	8D	osc_end+execute	ground
osc_string	8E	osc_end+execute	ground
osc_string	8F	osc_end+execute	ground
osc_string	90	osc_end+clear	dcs_entry
osc_string	91	osc_end+execute	ground
osc_string	92	osc_end+execute	ground
osc_string	93	osc_end+execute	ground
osc_string	94	osc_end+execute	ground
osc_string	95	osc_end+execute	ground
osc_string	96	osc_end+execute	ground
osc_string	97	osc_end+execute	ground
osc_string	98	osc_end	sos_pm_apc_string
osc_string	99	osc_end+execute	ground
osc_string	9A	osc_end+execute	ground
osc_string	9B	osc_end+clear	csi_entry
osc_string	9C	osc_end	ground
osc_string	9D	osc_end+osc_start	.
osc_string	9E	osc_end	sos_pm_apc_string
osc_string	9F	osc_end	sos_pm_apc_string
osc_string	A0	osc_put	.
osc_string	A1	osc_put	.
osc_string	A2	osc_put	.
osc_string	A3	osc_put	.
osc_string	A4	osc_put	.
osc_string	A5	osc_put	.
osc_string	A6	osc_put	.
osc_string	A7	osc_put	.
osc_string	A8	osc_put	.
osc_string	A9	osc_put	.
osc_string	AA	osc_put	.
osc_string	AB	osc_put	.
osc_string	AC	osc_put	.
osc_string	AD	osc_put	.
osc_string	AE	osc_put	.
osc_string	AF	osc_put	.
osc_string	B0	osc_put	.
osc_string	B1	osc_put	.
osc_string	B2	osc_put	.
osc_string	B3	osc_put	.
osc_string	B4	osc_put	.
osc_string	B5	osc_put	.
osc_string	B6	osc_put	.
osc_string	B7	osc_put	.
osc_string	B8	osc_put	.
osc_string	B9	osc_put	.
osc_string	BA	osc_put	.
osc_string	BB	osc_put	.
osc_string	BC	osc_put	.
osc_string	BD	osc_put	.
osc_string	BE	osc_put	.
osc_string	BF	osc_put	.
osc_string	C0	osc_put	.
osc_string	C1	osc_put	.
osc_string	C2	osc_put	.
osc_string	C3	osc_put	.
osc_string	C4	osc_put	.
osc_string	C5	osc_put	.
osc_string	C6	osc_put	.
osc_string	C7	osc_put	.
osc_string	C8	osc_put	.
osc_string	C9	osc_put	.
osc_string	CA	osc_put	.
osc_string	CB	osc_put	.
osc_string	CC	osc_put	.
osc_string	CD	osc_put	.
osc_string	CE	osc_put	.
osc_string	CF	osc_put	.
osc_string	D0	osc_put	.
osc_string	D1	osc_put	.
osc_string	D2	osc_put	.
osc_string	D3	osc_put	.
osc_string	D4	osc_put	.
osc_string	D5	osc_put	.
osc_string	D6	osc_put	.
osc_string	D7	osc_put	.
osc_string	D8	osc_put	.
osc_string	D9	osc_put	.
osc_string	DA	osc_put	.
osc_string	DB	osc_put	.
osc_string	DC	osc_put	.
osc_string	DD	osc_put	.
osc_string	DE	osc_put	.
osc_string	DF	osc_put	.
osc_string	E0	osc_put	.
osc_string	E1	osc_put	.
osc_string	E2	osc_put	.
osc_string	E3	osc_put	.
osc_string	E4	osc_put	.
osc_string	E5	osc_put	.
osc_string	E6	osc_put	.
osc_string	E7	osc_put	.
osc_string	E8	osc_put	.
osc_string	E9	osc_put	.
osc_string	EA	osc_put	.
osc_string	EB	osc_put	.
osc_string	EC	osc_put	.
osc_string	ED	osc_put	.
osc_string	EE	osc_put	.
osc_string	EF	osc_put	.
osc_string	F0	osc_put	.
osc_string	F1	osc_put	.
osc_string	F2	osc_put	.
osc_string	F3	osc_put	.
osc_string	F4	osc_put	.
osc_string	F5	osc_put	.
osc_string	F6	osc_put	.
osc_string	F7	osc_put	.
osc_string	F8	osc_put	.
osc_string	F9	osc_put	.
osc_string	FA	osc_put	.
osc_string	FB	osc_put	.
osc_string	FC	osc_put	.
osc_string	FD	osc_put	.
osc_string	FE	osc_put	.
osc_string	FF	osc_put	.
sos_pm_apc_string	00	ignore	.
sos_pm_apc_string	01	ignore	.
sos_pm_apc_string	02	ignore	.
sos_pm_apc_string	03	ignore	.
sos_pm_apc_string	04	ignore	.
sos_pm_apc_string	05	ignore	.
sos_pm_apc_string	06	ignore	.
sos_pm_apc_string	07	ignore	.
sos_pm_apc_string	08	ignore	.
sos_pm_apc_string	09	ignore	.
sos_pm_apc_string	0A	ignore	.
sos_pm_apc_string	0B	ignore	.
sos_pm_apc_string	0C	ignore	.
sos_pm_apc_string	0D	ignore	.
sos_pm_apc_string	0E	ignore	.
sos_pm_apc_string	0F	ignore	.
sos_pm_apc_string	10	ignore	.
sos_pm_apc_string	11	ignore	.
sos_pm_apc_string	12	ignore	.
sos_pm_apc_string	13	ignore	.
sos_pm_apc_string	14	ignore	.
sos_pm_apc_string	15	ignore	.
sos_pm_apc_string	16	ignore	.
sos_pm_apc_string	17	ignore	.
sos_pm_apc_string	18	execute	ground
sos_pm_apc_string	19	ignore	.
sos_pm_apc_string	1A	execute	ground
sos_pm_apc_string	1B	clear	escape
sos_pm_apc_string	1C	ignore	.
sos_pm_apc_string	1D	ignore	.
sos_pm_apc_string	1E	ignore	.
sos_pm_apc_string	1F	ignore	.
sos_pm_apc_string	20	ignore	.
sos_pm_apc_string	21	ignore	.
sos_pm_apc_string	22	ignore	.
sos_pm_apc_string	23	ignore	.
sos_pm_apc_string	24	ignore	.
sos_pm_apc_string	25	ignore	.
sos_pm_apc_string	26	ignore	.
sos_pm_apc_string	27	ignore	.
sos_pm_apc_string	28	ignore	.
sos_pm_apc_string	29	ignore	.
sos_pm_apc_string	2A	ignore	.
sos_pm_apc_string	2B	ignore	.
sos_pm_apc_string	2C	ignore	.
sos_pm_apc_string	2D	ignore	.
sos_pm_apc_string	2E	ignore	.
sos_pm_apc_string	2F	ignore	.
sos_pm_apc_string	30	ignore	.
sos_pm_apc_string	31	ignore	.
sos_pm_apc_string	32	ignore	.
sos_pm_apc_string	33	ignore	.
sos_pm_apc_string	34	ignore	.
sos_pm_apc_string	35	ignore	.
sos_pm_apc_string	36	ignore	.
sos_pm_apc_string	37	ignore	.
sos_pm_apc_string	38	ignore	.
sos_pm_apc_string	39	ignore	.
sos_pm_apc_string	3A	ignore	.
sos_pm_apc_string	3B	ignore	.
sos_pm_apc_string	3C	ignore	.
sos_pm_apc_string	3D	ignore	.
sos_pm_apc_string	3E	ignore	.
sos_pm_apc_string	3F	ignore	.
sos_pm_apc_string	40	ignore	.
sos_pm_apc_string	41	ignore	.
sos_pm_apc_string	42	ignore	.
sos_pm_apc_string	43	ignore	.
sos_pm_apc_string	44	ignore	.
sos_pm_apc_string	45	ignore	.
sos_pm_apc_string	46	ignore	.
sos_pm_apc_string	47	ignore	.
sos_pm_apc_string	48	ignore	.
sos_pm_apc_string	49	ignore	.
sos_pm_apc_string	4A	ignore	.
sos_pm_apc_string	4B	ignore	.
sos_pm_apc_string	4C	ignore	.
sos_pm_apc_string	4D	ignore	.
sos_pm_apc_string	4E	ignore	.
sos_pm_apc_string	4F	ignore	.
sos_pm_apc_string	50	ignore	.
sos_pm_apc_string	51	ignore	.
sos_pm_apc_string	52	ignore	.
sos_pm_apc_string	53	ignore	.
sos_pm_apc_string	54	ignore	.
sos_pm_apc_string	55	ignore	.
sos_pm_apc_string	56	ignore	.
sos_pm_apc_string	57	ignore	.
sos_pm_apc_string	58	ignore	.
sos_pm_apc_string	59	ignore	.
sos_pm_apc_string	5A	ignore	.
sos_pm_apc_string	5B	ignore	.
sos_pm_apc_string	5C	ignore	.
sos_pm_apc_string	5D	ignore	.
sos_pm_apc_string	5E	ignore	.
sos_pm_apc_string	5F	ignore	.
sos_pm_apc_string	60	ignore	.
sos_pm_apc_string	61	ignore	.
sos_pm_apc_string	62	ignore	.
sos_pm_apc_string	63	ignore	.
sos_pm_apc_string	64	ignore	.
sos_pm_apc_string	65	ignore	.
sos_pm_apc_string	66	ignore	.
sos_pm_apc_string	67	ignore	.
sos_pm_apc_string	68	ignore	.
sos_pm_apc_string	69	ignore	.
sos_pm_apc_string	6A	ignore	.
sos_pm_apc_string	6B	ignore	.
sos_pm_apc_string	6C	ignore	.
sos_pm_apc_string	6D	ignore	.
sos_pm_apc_string	6E	ignore	.
sos_pm_apc_string	6F	ignore	.
sos_pm_apc_string	70	ignore	.
sos_pm_apc_string	71	ignore	.
sos_pm_apc_string	72	ignore	.
sos_pm_apc_string	73	ignore	.
sos_pm_apc_string	74	ignore	.
sos_pm_apc_string	75	ignore	.
sos_pm_apc_string	76	ignore	.
sos_pm_apc_string	77	ignore	.
sos_pm_apc_string	78	ignore	.
sos_pm_apc_string	79	ignore	.
sos_pm_apc_string	7A	ignore	.
sos_pm_apc_string	7B	ignore	.
sos_pm_apc_string	7C	ignore	.
sos_pm_apc_string	7D	ignore	.
sos_pm_apc_string	7E	ignore	.
sos_pm_apc_string	7F	ignore	.
sos_pm_apc_string	80	execute	ground
sos_pm_apc_string	81	execute	ground
sos_pm_apc_string	82	execute	ground
sos_pm_apc_string	83	execute	ground
sos_pm_apc_string	84	execute	ground
sos_pm_apc_string	85	execute	ground
sos_pm_apc_string	86	execute	ground
sos_pm_apc_string	87	execute	ground
sos_pm_apc_string	88	execute	ground
sos_pm_apc_string	89	execute	ground
sos_pm_apc_string	8A	execute	ground
sos_pm_apc_string	8B	execute	ground
sos_pm_apc_string	8C	execute	ground
sos_pm_apc_string	8D	execute	ground
sos_pm_apc_string	8E	execute	ground
sos_pm_apc_string	8F	execute	ground
sos_pm_apc_string	90	clear	dcs_entry
sos_pm_apc_string	91	execute	ground
sos_pm_apc_string	92	execute	ground
sos_pm_apc_string	93	execute	ground
sos_pm_apc_string	94	execute	ground
sos_pm_apc_string	95	execute	ground
sos_pm_apc_string	96	execute	ground
sos_pm_apc_string	97	execute	ground
sos_pm_apc_string	98	-	.
sos_pm_apc_string	99	execute	ground
sos_pm_apc_string	9A	execute	ground
sos_pm_apc_string	9B	clear	csi_entry
sos_pm_apc_string	9C	-	ground
sos_pm_apc_string	9D	osc_start	osc_string
sos_pm_apc_string	9E	-	.
sos_pm_apc_string	9F	-	.
sos_pm_apc_string	A0	ignore	.
sos_pm_apc_string	A1	ignore	.
sos_pm_apc_string	A2	ignore	.
sos_pm_apc_string	A3	ignore	.
sos_pm_apc_string	A4	ignore	.
sos_pm_apc_string	A5	ignore	.
sos_pm_apc_string	A6	ignore	.
sos_pm_apc_string	A7	ignore	.
sos_pm_apc_string	A8	ignore	.
sos_pm_apc_string	A9	ignore	.
sos_pm_apc_string	AA	ignore	.
sos_pm_apc_string	AB	ignore	.
sos_pm_apc_string	AC	ignore	.
sos_pm_apc_string	AD	ignore	.
sos_pm_apc_string	AE	ignore	.
sos_pm_apc_string	AF	ignore	.
sos_pm_apc_string	B0	ignore	.
sos_pm_apc_string	B1	ignore	.
sos_pm_apc_string	B2	ignore	.
sos_pm_apc_string	B3	ignore	.
sos_pm_apc_string	B4	ignore	.
sos_pm_apc_string	B5	ignore	.
sos_pm_apc_string	B6	ignore	.
sos_pm_apc_string	B7	ignore	.
sos_pm_apc_string	B8	ignore	.
sos_pm_apc_string	B9	ignore	.
sos_pm_apc_string	BA	ignore	.
sos_pm_apc_string	BB	ignore	.
sos_pm_apc_string	BC	ignore	.
sos_pm_apc_string	BD	ignore	.
sos_pm_apc_string	BE	ignore	.
sos_pm_apc_string	BF	ignore	.
sos_pm_apc_string	C0	ignore	.
sos_pm_apc_string	C1	ignore	.
sos_pm_apc_string	C2	ignore	.
sos_pm_apc_string	C3	ignore	.
sos_pm_apc_string	C4	ignore	.
sos_pm_apc_string	C5	ignore	.
sos_pm_apc_string	C6	ignore	.
sos_pm_apc_string	C7	ignore	.
sos_pm_apc_string	C8	ignore	.
sos_pm_apc_string	C9	ignore	.
sos_pm_apc_string	CA	ignore	.
sos_pm_apc_string	CB	ignore	.
sos_pm_apc_string	CC	ignore	.
sos_pm_apc_string	CD	ignore	.
sos_pm_apc_string	CE	ignore	.
sos_pm_apc_string	CF	ignore	.
sos_pm_apc_string	D0	ignore	.
sos_pm_apc_string	D1	ignore	.
sos_pm_apc_string	D2	ignore	.
sos_pm_apc_string	D3	ignore	.
sos_pm_apc_string	D4	ignore	.
sos_pm_apc_string	D5	ignore	.
sos_pm_apc_string	D6	ignore	.
sos_pm_apc_string	D7	ignore	.
sos_pm_apc_string	D8	ignore	.
sos_pm_apc_string	D9	ignore	.
sos_pm_apc_string	DA	ignore	.
sos_pm_apc_string	DB	ignore	.
sos_pm_apc_string	DC	ignore	.
sos_pm_apc_string	DD	ignore	.
sos_pm_apc_string	DE	ignore	.
sos_pm_apc_string	DF	ignore	.
sos_pm_apc_string	E0	ignore	.
sos_pm_apc_string	E1	ignore	.
sos_pm_apc_string	E2	ignore	.
sos_pm_apc_string	E3	ignore	.
sos_pm_apc_string	E4	ignore	.
sos_pm_apc_string	E5	ignore	.
sos_pm_apc_string	E6	ignore	.
sos_pm_apc_string	E7	ignore	.
sos_pm_apc_string	E8	ignore	.
sos_pm_apc_string	E9	ignore	.
sos_pm_apc_string	EA	ignore	.
sos_pm_apc_string	EB	ignore	.
sos_pm_apc_string	EC	ignore	.
sos_pm_apc_string	ED	ignore	.
sos_pm_apc_string	EE	ignore	.
sos_pm_apc_string	EF	ignore	.
sos_pm_apc_string	F0	ignore	.
sos_pm_apc_string	F1	ignore	.
sos_pm_apc_string	F2	ignore	.
sos_pm_apc_string	F3	ignore	.
sos_pm_apc_string	F4	ignore	.
sos_pm_apc_string	F5	ignore	.
sos_pm_apc_string	F6	ignore	.
sos_pm_apc_string	F7	ignore	.
sos_pm_apc_string	F8	ignore	.
sos_pm_apc_string	F9	ignore	.
sos_pm_apc_string	FA	ignore	.
sos_pm_apc_string	FB	ignore	.
sos_pm_apc_string	FC	ignore	.
sos_pm_apc_string	FD	ignore	.
sos_pm_apc_string	FE	ignore	.
sos_pm_apc_string	FF	ignore	.
